ticker,records,firstDate,lastDate,dividendEvents,splitEvents,anomalies
A,6374,1999-11-18,2025-03-24,53,1,0
AA,13926,1970-01-02,2025-03-24,203,7,0
AAL,4903,2005-09-27,2025-03-24,23,0,0
AAON,8123,1992-12-16,2025-03-24,43,9,0
AAPL,11160,1980-12-12,2025-03-24,86,5,0
AB,9306,1988-04-14,2025-03-24,145,2,0
ABBV,3075,2013-01-02,2025-03-24,49,0,0
ABCB,7764,1994-05-19,2025-03-24,104,8,0
ABG,5790,2002-03-21,2025-03-24,9,0,0
ABM,11348,1980-03-17,2025-03-24,162,5,0
ABNB,1075,2020-12-10,2025-03-24,0,0,0
ABT,11348,1980-03-17,2025-03-24,170,7,0
ACA,1603,2018-11-05,2025-03-24,25,0,0
ACAD,5239,2004-05-27,2025-03-24,0,0,0
ACGL,7430,1995-09-14,2025-03-24,1,2,0
ACHC,7816,1994-03-04,2025-03-24,0,1,0
ACHR,1069,2020-12-18,2025-03-24,0,0,0
ACI,1191,2020-06-26,2025-03-24,19,0,0
ACIW,7570,1995-02-24,2025-03-24,0,2,0
ACLX,785,2022-02-04,2025-03-24,0,0,0
ACM,4497,2007-05-10,2025-03-24,13,0,0
ACN,5955,2001-07-19,2025-03-24,45,0,0
ACT,883,2021-09-16,2025-03-24,13,0,0
ADBE,9728,1986-08-13,2025-03-24,63,6,0
ADC,7787,1994-04-15,2025-03-24,157,0,0
ADI,11348,1980-03-17,2025-03-24,86,10,0
ADM,11348,1980-03-17,2025-03-24,168,26,0
ADMA,2875,2013-10-17,2025-03-24,0,0,0
ADP,11348,1980-03-17,2025-03-24,169,7,0
ADSK,10011,1985-06-28,2025-03-24,63,4,0
ADT,1804,2018-01-19,2025-03-24,29,0,0
AEE,6848,1998-01-02,2025-03-24,109,0,0
AEIS,7384,1995-11-17,2025-03-24,17,0,0
AEP,13926,1970-01-02,2025-03-24,218,0,0
AES,8497,1991-06-26,2025-03-24,55,4,0
AFG,11348,1980-03-17,2025-03-24,175,2,0
AFL,11348,1980-03-17,2025-03-24,163,10,0
AFRM,1053,2021-01-13,2025-03-24,0,0,0
AGCO,8292,1992-04-16,2025-03-24,86,2,0
AGG,5406,2003-09-29,2025-03-24,257,0,0
AGNC,4241,2008-05-15,2025-03-24,152,0,0
AGNCL,636,2022-09-09,2025-03-24,9,0,0
AGNCM,1522,2019-03-06,2025-03-24,24,0,0
AGNCN,1911,2017-08-16,2025-03-24,30,0,0
AGNCO,1379,2019-09-27,2025-03-24,21,0,0
AGNCP,1290,2020-02-05,2025-03-24,19,0,0
AHR,282,2024-02-07,2025-03-24,4,0,0
AI,1076,2020-12-09,2025-03-24,0,0,0
AIG,13168,1973-01-02,2025-03-24,145,13,0
AIT,11348,1980-03-17,2025-03-24,150,6,0
AIZ,5317,2004-02-05,2025-03-24,84,0,0
AJG,10270,1984-06-20,2025-03-24,146,3,0
AKAM,6388,1999-10-29,2025-03-24,0,0,0
AKR,8011,1993-05-27,2025-03-24,118,0,0
AKRO,1448,2019-06-20,2025-03-24,0,0,0
AL,3503,2011-04-19,2025-03-24,49,0,0
ALAB,253,2024-03-20,2025-03-24,0,0,0
ALB,7824,1994-02-22,2025-03-24,127,1,0
ALE,13084,1973-05-03,2025-03-24,150,3,0
ALGM,1104,2020-10-29,2025-03-24,0,0,0
ALGN,6073,2001-01-30,2025-03-24,0,0,0
ALHC,1003,2021-03-26,2025-03-24,0,0,0
ALIT,1177,2020-07-17,2025-03-24,2,0,0
ALK,11348,1980-03-17,2025-03-24,65,4,0
ALKT,991,2021-04-14,2025-03-24,0,0,0
ALL,8007,1993-06-03,2025-03-24,127,1,0
ALLE,2853,2013-11-18,2025-03-24,43,0,0
ALLY,2806,2014-01-28,2025-03-24,35,1,0
ALNY,5237,2004-06-01,2025-03-24,0,0,0
ALRM,2450,2015-06-26,2025-03-24,0,0,0
ALSN,3275,2012-03-15,2025-03-24,52,0,0
AM,1983,2017-05-04,2025-03-24,31,0,0
AMAT,11348,1980-03-17,2025-03-24,80,9,0
AMCR,3233,2012-05-15,2025-03-24,35,0,0
AMD,11348,1980-03-17,2025-03-24,0,4,0
AME,10250,1984-07-19,2025-03-24,164,5,0
AMED,7702,1994-08-17,2025-03-24,0,1,0
AMG,6875,1997-11-21,2025-03-24,33,1,0
AMGN,10525,1983-06-17,2025-03-24,55,5,0
AMH,2929,2013-08-01,2025-03-24,46,0,0
AMKR,6766,1998-05-01,2025-03-24,18,0,0
AMP,4911,2005-09-15,2025-03-24,78,0,0
AMRX,1730,2018-05-07,2025-03-24,0,0,0
AMT,6810,1998-02-27,2025-03-24,53,0,0
AMTM,124,2024-09-24,2025-03-24,0,0,0
AMZN,7008,1997-05-15,2025-03-24,0,4,0
AN,8781,1990-05-11,2025-03-24,2,1,0
ANET,2716,2014-06-06,2025-03-24,0,2,0
ANF,7168,1996-09-26,2025-03-24,65,1,0
ANSS,7236,1996-06-20,2025-03-24,0,2,0
AON,11295,1980-06-02,2025-03-24,156,4,0
AOS,10452,1983-09-30,2025-03-24,158,5,0
APA,11560,1979-05-15,2025-03-24,171,6,0
APAM,3031,2013-03-07,2025-03-24,47,0,0
APD,11348,1980-03-17,2025-03-24,166,4,0
APG,1232,2020-04-29,2025-03-24,0,0,0
APH,8402,1991-11-08,2025-03-24,81,6,0
APLE,2478,2015-05-18,2025-03-24,99,0,0
APLS,1851,2017-11-09,2025-03-24,0,0,0
APO,3517,2011-03-30,2025-03-24,56,0,0
APOS,393,2023-08-29,2025-03-24,4,0,0
APP,990,2021-04-15,2025-03-24,0,0,0
APPF,2450,2015-06-26,2025-03-24,0,0,0
APTV,3355,2011-11-17,2025-03-24,27,1,0
AQN,3832,2009-12-29,2025-03-24,45,0,0
AQNB,1465,2019-05-28,2025-03-24,24,0,0
AR,2880,2013-10-10,2025-03-24,0,0,0
ARCC,5150,2004-10-05,2025-03-24,78,0,0
ARE,7000,1997-05-28,2025-03-24,108,0,0
ARES,2740,2014-05-02,2025-03-24,45,0,0
ARLP,6440,1999-08-17,2025-03-24,98,2,0
ARMK,2836,2013-12-12,2025-03-24,45,1,0
AROC,4426,2007-08-21,2025-03-24,45,0,0
ARW,11348,1980-03-17,2025-03-24,9,2,0
ASAN,1125,2020-09-30,2025-03-24,0,0,0
ASB,11348,1980-03-17,2025-03-24,156,10,0
ASBA,516,2023-03-03,2025-03-24,8,0,0
ASGN,8183,1992-09-22,2025-03-24,0,2,0
ASH,11348,1980-03-17,2025-03-24,168,4,0
ASO,1123,2020-10-02,2025-03-24,12,0,0
ASTS,1354,2019-11-01,2025-03-24,0,0,0
ATGE,8500,1991-06-21,2025-03-24,21,3,0
ATI,6368,1999-11-29,2025-03-24,67,0,0
ATMU,457,2023-05-26,2025-03-24,3,0,0
ATO,10391,1983-12-28,2025-03-24,142,2,0
ATR,8035,1993-04-23,2025-03-24,127,2,0
AUB,7920,1993-10-06,2025-03-24,100,2,0
AUR,973,2021-05-10,2025-03-24,0,0,0
AVA,13134,1973-02-21,2025-03-24,152,1,0
AVAV,4572,2007-01-23,2025-03-24,0,0,0
AVB,7811,1994-03-11,2025-03-24,107,0,0
AVGO,3932,2009-08-06,2025-03-24,58,1,0
AVNT,6422,1999-09-13,2025-03-24,66,0,0
AVPT,1352,2019-11-05,2025-03-24,0,0,0
AVT,13084,1973-05-03,2025-03-24,127,3,0
AVTR,1471,2019-05-17,2025-03-24,0,0,0
AVY,13134,1973-02-21,2025-03-24,150,3,0
AWI,4636,2006-10-18,2025-03-24,29,0,0
AWK,4257,2008-04-23,2025-03-24,67,0,0
AWR,13134,1973-02-21,2025-03-24,152,3,0
AX,5038,2005-03-16,2025-03-24,0,1,0
AXON,5976,2001-06-19,2025-03-24,0,3,0
AXP,13314,1972-06-01,2025-03-24,193,6,0
AXSM,2348,2015-11-19,2025-03-24,0,0,0
AXTA,2605,2014-11-12,2025-03-24,0,0,0
AYI,5864,2001-12-03,2025-03-24,94,0,0
AZEK,1201,2020-06-12,2025-03-24,0,0,0
AZO,8557,1991-04-02,2025-03-24,0,2,0
AZZ,11348,1980-03-17,2025-03-24,83,6,0
BA,13926,1970-01-02,2025-03-24,196,7,0
BAC,13134,1973-02-21,2025-03-24,156,3,0
BAH,3607,2010-11-18,2025-03-24,54,0,0
BALL,13134,1973-02-21,2025-03-24,160,6,0
BANF,8814,1990-03-26,2025-03-24,136,3,0
BATRA,2247,2016-04-18,2025-03-24,0,0,0
BATRK,2247,2016-04-18,2025-03-24,0,0,0
BAX,10940,1981-10-27,2025-03-24,154,5,0
BBIO,1443,2019-06-27,2025-03-24,0,0,0
BBWI,10832,1982-04-01,2025-03-24,162,5,0
BBY,10061,1985-04-18,2025-03-24,86,8,0
BC,10895,1981-12-31,2025-03-24,137,3,0
BCC,3051,2013-02-06,2025-03-24,32,0,0
BCO,7354,1996-01-03,2025-03-24,111,0,0
BCPC,9778,1986-06-03,2025-03-24,37,8,0
BDC,7885,1993-11-24,2025-03-24,83,4,0
BDX,13134,1973-02-21,2025-03-24,170,5,0
BE,1675,2018-07-25,2025-03-24,0,0,0
BECN,5158,2004-09-23,2025-03-24,0,1,0
BEN,10457,1983-09-23,2025-03-24,155,10,0
BEPC,1172,2020-07-24,2025-03-24,19,1,0
BERY,3134,2012-10-04,2025-03-24,9,1,0
BFAM,3059,2013-01-25,2025-03-24,0,0,0
BFH,5978,2001-06-15,2025-03-24,34,1,0
BG,5945,2001-08-02,2025-03-24,93,0,0
BGC,6359,1999-12-10,2025-03-24,67,1,0
BHF,1933,2017-07-17,2025-03-24,0,0,0
BIIB,8440,1991-09-17,2025-03-24,0,2,0
BIL,4484,2007-05-30,2025-03-24,109,1,0
BILL,1326,2019-12-12,2025-03-24,0,0,0
BIO,11361,1980-02-27,2025-03-24,0,5,0
BJ,1693,2018-06-28,2025-03-24,0,0,0
BK,13084,1973-05-03,2025-03-24,151,6,0
BKH,13133,1973-02-22,2025-03-24,153,5,0
BKNG,6536,1999-03-31,2025-03-24,5,1,0
BKR,9565,1987-04-06,2025-03-24,152,0,0
BKU,3559,2011-01-28,2025-03-24,56,0,0
BL,2111,2016-10-28,2025-03-24,0,0,0
BLD,2457,2015-06-17,2025-03-24,0,0,0
BLDR,4966,2005-06-28,2025-03-24,0,0,0
BLK,6408,1999-10-01,2025-03-24,87,0,0
BLKB,5200,2004-07-26,2025-03-24,61,0,0
BMI,13134,1973-02-21,2025-03-24,141,4,0
BMRN,6456,1999-07-26,2025-03-24,0,0,0
BMY,13314,1972-06-01,2025-03-24,210,6,0
BND,4519,2007-04-10,2025-03-24,213,0,0
BNDX,2970,2013-06-04,2025-03-24,141,0,0
BNL,1134,2020-09-17,2025-03-24,18,0,0
BOH,11348,1980-03-17,2025-03-24,155,5,0
BOKF,8448,1991-09-05,2025-03-24,81,13,0
BOOT,2614,2014-10-30,2025-03-24,0,0,0
BOX,2557,2015-01-23,2025-03-24,0,0,0
BPMC,2490,2015-04-30,2025-03-24,0,0,0
BPOP,11348,1980-03-17,2025-03-24,134,6,0
BR,4531,2007-03-22,2025-03-24,72,0,0
BRBR,1364,2019-10-18,2025-03-24,0,0,0
BRC,9672,1986-10-31,2025-03-24,132,3,0
BRKR,6195,2000-08-04,2025-03-24,37,0,0
BRO,11119,1981-02-11,2025-03-24,153,8,0
BROS,884,2021-09-15,2025-03-24,0,0,0
BRX,2866,2013-10-30,2025-03-24,43,0,0
BRZE,839,2021-11-17,2025-03-24,0,0,0
BSM,2490,2015-04-30,2025-03-24,39,0,0
BSV,4519,2007-04-10,2025-03-24,215,0,0
BSX,8270,1992-05-19,2025-03-24,0,2,0
BSY,1130,2020-09-23,2025-03-24,18,0,0
BTSG,290,2024-01-26,2025-03-24,0,0,0
BTSGU,290,2024-01-26,2025-03-24,3,0,0
BURL,2886,2013-10-02,2025-03-24,0,0,0
BWA,7957,1993-08-13,2025-03-24,108,4,0
BWIN,1360,2019-10-24,2025-03-24,0,0,0
BWXT,3684,2010-08-02,2025-03-24,49,1,0
BX,4467,2007-06-22,2025-03-24,69,0,0
BXMT,11150,1980-12-29,2025-03-24,97,2,0
BXP,6985,1997-06-18,2025-03-24,110,0,0
BYD,7913,1993-10-15,2025-03-24,44,0,0
C,12157,1977-01-03,2025-03-24,145,10,0
CACC,8258,1992-06-05,2025-03-24,0,3,0
CACI,11348,1980-03-17,2025-03-24,0,4,0
CADE,9936,1985-10-16,2025-03-24,142,2,0
CAG,11348,1980-03-17,2025-03-24,160,7,0
CAH,10492,1983-08-04,2025-03-24,154,9,0
CAKE,8185,1992-09-18,2025-03-24,43,5,0
CALM,7114,1996-12-12,2025-03-24,87,2,0
CALX,3774,2010-03-24,2025-03-24,0,0,0
CAR,10464,1983-09-14,2025-03-24,12,9,0
CARG,1871,2017-10-12,2025-03-24,0,0,0
CARR,1260,2020-03-19,2025-03-24,19,0,0
CART,379,2023-09-19,2025-03-24,0,0,0
CASY,10438,1983-10-20,2025-03-24,139,4,0
CAT,13926,1970-01-02,2025-03-24,173,4,0
CATY,8630,1990-12-14,2025-03-24,135,3,0
CAVA,443,2023-06-16,2025-03-24,0,0,0
CB,8055,1993-03-25,2025-03-24,128,1,0
CBOE,3717,2010-06-15,2025-03-24,54,0,0
CBRE,5230,2004-06-10,2025-03-24,0,1,0
CBSH,11348,1980-03-17,2025-03-24,76,26,0
CBT,11186,1980-11-05,2025-03-24,156,3,0
CBU,9907,1985-11-26,2025-03-24,140,3,0
CBZ,7527,1995-04-27,2025-03-24,0,1,0
CCCS,1122,2020-10-05,2025-03-24,0,0,0
CCI,6691,1998-08-18,2025-03-24,45,0,0
CCK,11348,1980-03-17,2025-03-24,37,2,0
CCL,9489,1987-07-24,2025-03-24,127,2,0
CCOI,5821,2002-02-05,2025-03-24,51,1,0
CCZ,1301,2020-01-21,2025-03-24,17,0,0
CDE,11348,1980-03-17,2025-03-24,0,2,0
CDNS,9520,1987-06-10,2025-03-24,0,3,0
CDP,8367,1991-12-31,2025-03-24,132,0,0
CDW,2953,2013-06-27,2025-03-24,46,0,0
CE,5075,2005-01-21,2025-03-24,79,0,0
CEG,797,2022-01-19,2025-03-24,13,0,0
CELH,4573,2007-01-22,2025-03-24,0,2,0
CENT,8231,1992-07-15,2025-03-24,1,1,0
CENTA,4562,2007-02-06,2025-03-24,0,1,0
CF,4935,2005-08-11,2025-03-24,78,1,0
CFG,2640,2014-09-24,2025-03-24,42,0,0
CFLT,941,2021-06-24,2025-03-24,0,0,0
CFR,11348,1980-03-17,2025-03-24,124,4,0
CG,3241,2012-05-03,2025-03-24,51,0,0
CGABL,966,2021-05-19,2025-03-24,14,0,0
CGNX,8986,1989-07-20,2025-03-24,80,5,0
CHD,11348,1980-03-17,2025-03-24,140,8,0
CHDN,8053,1993-03-29,2025-03-24,32,3,0
CHE,13084,1973-05-03,2025-03-24,146,2,0
CHH,7154,1996-10-16,2025-03-24,83,1,0
CHRD,3715,2010-06-17,2025-03-24,21,0,0
CHRW,6901,1997-10-16,2025-03-24,112,2,0
CHTR,3828,2010-01-05,2025-03-24,0,0,0
CHWY,1452,2019-06-14,2025-03-24,0,0,0
CHX,1736,2018-04-27,2025-03-24,12,0,0
CI,10833,1982-03-31,2025-03-24,133,2,0
CIEN,7075,1997-02-07,2025-03-24,0,2,0
CII,5240,2004-05-26,2025-03-24,166,0,0
CINF,11348,1980-03-17,2025-03-24,156,7,0
CIVI,3336,2011-12-15,2025-03-24,16,1,0
CL,13085,1973-05-02,2025-03-24,207,5,0
CLF,13134,1973-02-21,2025-03-24,98,5,0
CLH,9403,1987-11-24,2025-03-24,0,1,0
CLSK,2098,2016-11-16,2025-03-24,0,1,0
CLX,13134,1973-02-21,2025-03-24,168,3,0
CMA,11348,1980-03-17,2025-03-24,154,4,0
CMC,11348,1980-03-17,2025-03-24,153,8,0
CMCSA,11348,1980-03-17,2025-03-24,115,12,0
CME,5609,2002-12-06,2025-03-24,103,1,0
CMG,4820,2006-01-26,2025-03-24,0,1,0
CMI,13134,1973-02-21,2025-03-24,162,3,0
CMS,13134,1973-02-21,2025-03-24,128,0,0
CMSA,1768,2018-03-13,2025-03-24,27,0,0
CMSC,1628,2018-10-01,2025-03-24,25,0,0
CMSD,1531,2019-02-21,2025-03-24,23,0,0
CNA,13134,1973-02-21,2025-03-24,63,1,0
CNC,5856,2001-12-13,2025-03-24,0,4,0
CNK,4509,2007-04-24,2025-03-24,52,0,0
CNM,922,2021-07-22,2025-03-24,0,0,0
CNO,5419,2003-09-10,2025-03-24,52,0,0
CNP,13926,1970-01-02,2025-03-24,225,3,0
CNR,1848,2017-11-14,2025-03-24,7,0,0
CNS,5185,2004-08-16,2025-03-24,85,0,0
CNX,6515,1999-04-30,2025-03-24,67,2,0
CNXC,1086,2020-11-24,2025-03-24,14,0,0
COF,7638,1994-11-16,2025-03-24,120,1,0
COHR,9440,1987-10-02,2025-03-24,0,4,0
COIN,991,2021-04-14,2025-03-24,0,0,0
COKE,13134,1973-02-21,2025-03-24,153,1,0
COLB,8251,1992-06-16,2025-03-24,88,8,0
COLD,1804,2018-01-19,2025-03-24,28,0,0
COLM,6790,1998-03-27,2025-03-24,72,2,0
COMP,999,2021-04-01,2025-03-24,0,0,0
COO,10627,1983-01-21,2025-03-24,65,3,0
COOP,3266,2012-03-28,2025-03-24,0,1,0
COP,10895,1981-12-31,2025-03-24,181,3,0
COR,7543,1995-04-04,2025-03-24,95,3,0
CORT,5270,2004-04-14,2025-03-24,0,0,0
CORZ,292,2024-01-24,2025-03-24,0,0,0
COST,9753,1986-07-09,2025-03-24,89,2,0
COTY,2963,2013-06-13,2025-03-24,18,0,0
CPAY,3589,2010-12-15,2025-03-24,0,0,0
CPB,13134,1973-02-21,2025-03-24,160,4,0
CPK,11348,1980-03-17,2025-03-24,150,4,0
CPNG,1014,2021-03-11,2025-03-24,0,0,0
CPRT,7807,1994-03-17,2025-03-24,0,7,0
CPRX,4621,2006-11-08,2025-03-24,0,0,0
CPT,7973,1993-07-22,2025-03-24,127,0,0
CQP,4532,2007-03-21,2025-03-24,72,0,0
CR,498,2023-03-29,2025-03-24,8,0,0
CRBG,631,2022-09-16,2025-03-24,12,0,0
CRC,1105,2020-10-28,2025-03-24,14,0,0
CRDO,791,2022-01-27,2025-03-24,0,0,0
CRGY,825,2021-12-08,2025-03-24,13,0,0
CRK,9464,1987-08-28,2025-03-24,12,2,0
CRL,6224,2000-06-23,2025-03-24,0,0,0
CRM,5222,2004-06-23,2025-03-24,4,1,0
CRNX,1680,2018-07-18,2025-03-24,0,0,0
CROX,4811,2006-02-08,2025-03-24,0,1,0
CRS,13134,1973-02-21,2025-03-24,151,3,0
CRUS,9014,1989-06-09,2025-03-24,0,1,0
CRVL,8495,1991-06-28,2025-03-24,0,5,0
CRWD,1454,2019-06-12,2025-03-24,0,0,0
CSCO,8839,1990-02-16,2025-03-24,56,9,0
CSGP,6724,1998-07-01,2025-03-24,0,1,0
CSL,13134,1973-02-21,2025-03-24,152,5,0
CSQ,5278,2004-04-01,2025-03-24,250,0,0
CSWI,2384,2015-09-30,2025-03-24,24,0,0
CSX,11187,1980-11-03,2025-03-24,178,5,0
CTAS,10481,1983-08-19,2025-03-24,52,6,0
CTRA,8845,1990-02-08,2025-03-24,141,4,0
CTRE,2722,2014-05-29,2025-03-24,43,0,0
CTSH,6732,1998-06-19,2025-03-24,32,5,0
CTVA,1466,2019-05-24,2025-03-24,23,0,0
CUBE,5137,2004-10-22,2025-03-24,80,0,0
CUK,6140,2000-10-23,2025-03-24,64,1,0
CURB,122,2024-09-26,2025-03-24,2,0,0
CUZ,11348,1980-03-17,2025-03-24,149,9,0
CVBF,10578,1983-04-04,2025-03-24,133,15,0
CVCO,5468,2003-07-01,2025-03-24,0,1,0
CVLT,4654,2006-09-22,2025-03-24,0,0,0
CVNA,1987,2017-04-28,2025-03-24,0,0,0
CVS,13134,1973-02-21,2025-03-24,162,4,0
CVX,13926,1970-01-02,2025-03-24,192,4,0
CW,11348,1980-03-17,2025-03-24,153,3,0
CWAN,877,2021-09-24,2025-03-24,0,0,0
CWEN,2479,2015-05-15,2025-03-24,40,0,0
CWST,6892,1997-10-29,2025-03-24,0,0,0
CWT,13134,1973-02-21,2025-03-24,153,4,0
CXT,11348,1980-03-17,2025-03-24,165,7,0
CXW,6967,1997-07-15,2025-03-24,44,3,0
CYTK,5258,2004-04-30,2025-03-24,0,1,0
CZR,2642,2014-09-22,2025-03-24,0,0,0
D,11348,1980-03-17,2025-03-24,162,2,0
DAL,4502,2007-05-03,2025-03-24,34,0,0
DAR,7686,1994-09-09,2025-03-24,0,1,0
DASH,1076,2020-12-09,2025-03-24,0,0,0
DAY,1737,2018-04-26,2025-03-24,0,0,0
DBX,1760,2018-03-23,2025-03-24,0,0,0
DCI,11348,1980-03-17,2025-03-24,154,6,0
DD,13314,1972-06-01,2025-03-24,213,6,0
DDOG,1385,2019-09-19,2025-03-24,0,0,0
DDS,11348,1980-03-17,2025-03-24,157,4,0
DE,13314,1972-06-01,2025-03-24,210,4,0
DECK,7913,1993-10-15,2025-03-24,0,2,0
DEI,4631,2006-10-25,2025-03-24,73,0,0
DELL,2162,2016-08-17,2025-03-24,12,2,0
DFAC,949,2021-06-14,2025-03-24,15,0,0
DFH,1048,2021-01-21,2025-03-24,0,0,0
DFS,4473,2007-06-14,2025-03-24,70,0,0
DG,3862,2009-11-13,2025-03-24,40,0,0
DGX,7111,1996-12-17,2025-03-24,85,2,0
DHCNI,3186,2012-07-23,2025-03-24,47,0,0
DHI,8258,1992-06-05,2025-03-24,111,10,0
DHR,11654,1978-12-29,2025-03-24,129,7,0
DIA,6837,1998-01-20,2025-03-24,322,0,0
DINO,11348,1980-03-17,2025-03-24,159,6,0
DIS,13926,1970-01-02,2025-03-24,97,6,0
DJT,873,2021-09-30,2025-03-24,0,0,0
DJTWW,249,2024-03-26,2025-03-24,0,0,0
DKL,3115,2012-11-02,2025-03-24,49,0,0
DKNG,1424,2019-07-25,2025-03-24,0,0,0
DKS,5645,2002-10-16,2025-03-24,53,2,0
DLB,5056,2005-02-17,2025-03-24,43,0,0
DLR,5132,2004-10-29,2025-03-24,82,0,0
DLTR,7563,1995-03-07,2025-03-24,0,6,0
DNB,1188,2020-07-01,2025-03-24,11,0,0
DOC,10036,1985-05-23,2025-03-24,154,3,0
DOCN,1005,2021-03-24,2025-03-24,0,0,0
DOCS,941,2021-06-24,2025-03-24,0,0,0
DOCU,1736,2018-04-27,2025-03-24,0,0,0
DORM,8571,1991-03-12,2025-03-24,1,2,0
DOV,11348,1980-03-17,2025-03-24,170,6,0
DOW,1512,2019-03-20,2025-03-24,24,0,0
DPZ,5209,2004-07-13,2025-03-24,60,0,0
DRI,7519,1995-05-09,2025-03-24,92,2,0
DRVN,1050,2021-01-19,2025-03-24,0,0,0
DT,1419,2019-08-01,2025-03-24,0,0,0
DTB,1120,2020-10-07,2025-03-24,15,0,0
DTE,13926,1970-01-02,2025-03-24,222,1,0
DTG,830,2021-12-01,2025-03-24,13,0,0
DTM,936,2021-07-01,2025-03-24,15,0,0
DTW,1759,2018-03-26,2025-03-24,26,0,0
DUK,11348,1980-03-17,2025-03-24,168,4,0
DUKB,1615,2018-10-18,2025-03-24,26,0,0
DUOL,918,2021-07-28,2025-03-24,0,0,0
DVA,7397,1995-10-31,2025-03-24,0,3,0
DVN,9996,1985-07-22,2025-03-24,131,1,0
DXC,10895,1981-12-31,2025-03-24,42,4,0
DXCM,5018,2005-04-14,2025-03-24,0,1,0
DY,10282,1984-06-04,2025-03-24,0,4,0
EA,8943,1989-09-20,2025-03-24,18,4,0
EAI,920,2007-12-17,2017-03-13,0,0,23
EAT,10385,1984-01-06,2025-03-24,58,7,0
EBAY,6665,1998-09-24,2025-03-24,25,5,0
EBC,1114,2020-10-15,2025-03-24,17,0,0
ECCF,297,2024-01-17,2025-03-24,13,0,0
ECL,13134,1973-02-21,2025-03-24,155,4,0
ED,13926,1970-01-02,2025-03-24,219,2,0
EE,738,2022-04-13,2025-03-24,11,0,0
EEFT,7056,1997-03-07,2025-03-24,0,0,0
EFX,11348,1980-03-17,2025-03-24,153,5,0
EG,7417,1995-10-03,2025-03-24,115,0,0
EGP,13134,1973-02-21,2025-03-24,152,1,0
EHC,9699,1986-09-24,2025-03-24,46,5,0
EIX,13084,1973-05-03,2025-03-24,192,2,0
EL,7384,1995-11-17,2025-03-24,85,2,0
ELAN,1635,2018-09-20,2025-03-24,0,0,0
ELC,804,2022-01-07,2025-03-24,3,0,0
ELF,2137,2016-09-22,2025-03-24,0,0,0
ELS,8075,1993-02-25,2025-03-24,128,3,0
ELV,5887,2001-10-30,2025-03-24,57,1,0
EME,7602,1995-01-10,2025-03-24,54,2,0
EMN,7872,1993-12-14,2025-03-24,126,1,0
EMP,4767,2000-01-03,2019-06-27,0,0,2
EMR,13314,1972-06-01,2025-03-24,211,4,0
ENJ,3093,2012-12-05,2025-03-24,49,0,0
ENO,2263,2016-03-24,2025-03-24,10,0,0
ENPH,3264,2012-03-30,2025-03-24,0,0,0
ENS,5195,2004-08-02,2025-03-24,48,0,0
ENSG,4369,2007-11-09,2025-03-24,69,3,0
ENTG,6213,2000-07-11,2025-03-24,30,0,0
ENVA,2604,2014-11-13,2025-03-24,0,0,0
EOG,8933,1989-10-04,2025-03-24,148,3,0
EPAC,6204,2000-07-24,2025-03-24,21,3,0
EPAM,3300,2012-02-08,2025-03-24,0,0,0
EPD,6706,1998-07-28,2025-03-24,106,2,0
EPR,6878,1997-11-18,2025-03-24,191,0,0
EPRT,1698,2018-06-21,2025-03-24,26,0,0
EQH,1727,2018-05-10,2025-03-24,27,0,0
EQIX,6190,2000-08-11,2025-03-24,43,1,0
EQR,7958,1993-08-12,2025-03-24,128,1,0
EQT,11348,1980-03-17,2025-03-24,146,7,0
ERIE,7418,1995-10-02,2025-03-24,118,1,0
ES,13134,1973-02-21,2025-03-24,153,0,0
ESAB,749,2022-03-29,2025-03-24,11,0,0
ESE,8683,1990-10-01,2025-03-24,62,1,0
ESI,2872,2013-10-22,2025-03-24,18,0,0
ESS,7752,1994-06-07,2025-03-24,118,0,0
ESTC,1624,2018-10-05,2025-03-24,0,0,0
ET,4814,2006-02-03,2025-03-24,76,2,0
ETN,13314,1972-06-01,2025-03-24,208,6,0
ETR,13314,1972-06-01,2025-03-24,199,1,0
ETSY,2500,2015-04-16,2025-03-24,0,0,0
EVR,4682,2006-08-14,2025-03-24,73,0,0
EVRG,13134,1973-02-21,2025-03-24,155,1,0
EW,6286,2000-03-27,2025-03-24,0,3,0
EWBC,6575,1999-02-03,2025-03-24,104,1,0
EXAS,6071,2001-02-01,2025-03-24,0,0,0
EXC,13085,1973-05-02,2025-03-24,209,2,0
EXE,1034,2021-02-10,2025-03-24,16,0,0
EXEEL,1033,2021-02-11,2025-03-24,0,0,0
EXEEZ,1033,2021-02-11,2025-03-24,0,0,0
EXEL,6271,2000-04-17,2025-03-24,0,0,0
EXLS,4634,2006-10-20,2025-03-24,0,1,0
EXP,7790,1994-04-12,2025-03-24,114,1,0
EXPD,10202,1984-09-26,2025-03-24,64,6,0
EXPE,4950,2005-07-21,2025-03-24,44,1,0
EXPO,8713,1990-08-17,2025-03-24,49,3,0
EXR,5185,2004-08-16,2025-03-24,82,0,0
F,13314,1972-06-01,2025-03-24,179,8,0
FA,942,2021-06-23,2025-03-24,1,0,0
FAF,3728,2010-05-28,2025-03-24,60,0,0
FANG,3128,2012-10-12,2025-03-24,28,0,0
FAST,9470,1987-08-20,2025-03-24,90,8,0
FBIN,3399,2011-09-16,2025-03-24,48,1,0
FCFS,8509,1991-06-10,2025-03-24,37,2,0
FCN,7265,1996-05-09,2025-03-24,0,2,0
FCNCA,9679,1986-10-22,2025-03-24,154,0,0
FCPT,2355,2015-11-10,2025-03-24,37,0,0
FCX,7477,1995-07-10,2025-03-24,95,1,0
FDS,7230,1996-06-28,2025-03-24,106,3,0
FDX,11836,1978-04-12,2025-03-24,92,5,0
FE,6884,1997-11-10,2025-03-24,112,0,0
FELE,11348,1980-03-17,2025-03-24,140,3,0
FFBC,10395,1983-12-21,2025-03-24,146,10,0
FFIN,7902,1993-11-01,2025-03-24,126,11,0
FFIV,6491,1999-06-04,2025-03-24,0,1,0
FG,584,2022-11-22,2025-03-24,9,0,0
FGN,320,2023-12-12,2025-03-24,5,0,0
FHB,2170,2016-08-05,2025-03-24,34,0,0
FHI,6757,1998-05-14,2025-03-24,109,1,0
FHN,11348,1980-03-17,2025-03-24,143,6,0
FI,9698,1986-09-25,2025-03-24,0,8,0
FIBK,3774,2010-03-24,2025-03-24,61,0,0
FICO,9491,1987-07-22,2025-03-24,100,4,0
FINV,1851,2017-11-09,2025-03-24,6,0,0
FIS,5975,2001-06-20,2025-03-24,89,0,0
FITB,11348,1980-03-17,2025-03-24,154,10,0
FITBI,2840,2013-12-06,2025-03-24,44,0,0
FITBO,1389,2019-09-13,2025-03-24,21,0,0
FITBP,1400,2019-08-28,2025-03-24,22,0,0
FIVE,3188,2012-07-19,2025-03-24,0,0,0
FIX,6978,1997-06-27,2025-03-24,78,0,0
FIZZ,8442,1991-09-13,2025-03-24,12,5,0
FLG,7886,1993-11-23,2025-03-24,124,10,0
FLO,11348,1980-03-17,2025-03-24,146,12,0
FLR,6112,2000-12-01,2025-03-24,77,1,0
FLS,11348,1980-03-17,2025-03-24,120,4,0
FMC,11348,1980-03-17,2025-03-24,80,4,0
FNB,9715,1986-09-02,2025-03-24,154,12,0
FND,1988,2017-04-27,2025-03-24,0,0,0
FNF,4890,2005-10-14,2025-03-24,78,3,0
FOLD,4483,2007-05-31,2025-03-24,0,0,0
FOUR,1206,2020-06-05,2025-03-24,0,0,0
FOX,1517,2019-03-13,2025-03-24,13,0,0
FOXA,1518,2019-03-12,2025-03-24,13,0,0
FR,7739,1994-06-24,2025-03-24,107,0,0
FRME,9007,1989-06-20,2025-03-24,142,6,0
FROG,1135,2020-09-16,2025-03-24,0,0,0
FRPT,2608,2014-11-07,2025-03-24,0,0,0
FRSH,879,2021-09-22,2025-03-24,0,0,0
FRT,13084,1973-05-03,2025-03-24,150,2,0
FSK,2751,2014-04-16,2025-03-24,58,1,0
FSLR,4614,2006-11-17,2025-03-24,0,0,0
FSS,11348,1980-03-17,2025-03-24,136,9,0
FTAI,2480,2015-05-14,2025-03-24,39,1,0
FTAIM,512,2023-03-09,2025-03-24,8,0,0
FTAIN,1008,2021-03-19,2025-03-24,16,0,0
FTDR,1640,2018-09-13,2025-03-24,0,0,0
FTNT,3859,2009-11-18,2025-03-24,0,2,0
FTS,3828,2010-01-05,2025-03-24,42,0,0
FTV,2193,2016-07-05,2025-03-24,35,1,0
FUL,13134,1973-02-21,2025-03-24,152,5,0
FULT,9966,1985-09-03,2025-03-24,165,12,0
FULTP,1108,2020-10-23,2025-03-24,17,0,0
FUN,9553,1987-04-23,2025-03-24,134,1,0
FWONA,3069,2013-01-10,2025-03-24,0,4,0
FWONK,2695,2014-07-08,2025-03-24,0,3,0
FYBR,977,2021-05-04,2025-03-24,0,0,0
GAP,11348,1980-03-17,2025-03-24,150,9,0
GATX,13134,1973-02-21,2025-03-24,176,2,0
GBCI,10332,1984-03-22,2025-03-24,140,16,0
GBDC,3759,2010-04-15,2025-03-24,67,1,0
GBTG,651,2022-08-18,2025-03-24,0,0,0
GCMG,1541,2019-02-06,2025-03-24,17,0,0
GD,13926,1970-01-02,2025-03-24,189,5,0
GDDY,2511,2015-03-31,2025-03-24,0,0,0
GE,13926,1970-01-02,2025-03-24,222,10,0
GEF,7315,1996-02-28,2025-03-24,117,1,0
GEHC,568,2022-12-15,2025-03-24,8,0,0
GEN,9004,1989-06-23,2025-03-24,50,4,0
GEO,7717,1994-07-27,2025-03-24,36,4,0
GEV,246,2024-04-01,2025-03-24,1,0,0
GFF,13084,1973-05-03,2025-03-24,57,2,0
GFS,853,2021-10-28,2025-03-24,0,0,0
GGG,11348,1980-03-17,2025-03-24,152,10,0
GH,1625,2018-10-04,2025-03-24,0,0,0
GHC,13134,1973-02-21,2025-03-24,149,3,0
GILD,8352,1992-01-22,2025-03-24,40,5,0
GIS,11348,1980-03-17,2025-03-24,166,5,0
GJS,4756,2006-04-28,2025-03-24,215,0,0
GKOS,2451,2015-06-25,2025-03-24,0,0,0
GL,11210,1980-10-01,2025-03-24,154,4,0
GLD,5118,2004-11-18,2025-03-24,0,0,0
GLOB,2687,2014-07-18,2025-03-24,0,0,0
GLPI,2878,2013-10-14,2025-03-24,47,0,0
GLW,10895,1981-12-31,2025-03-24,150,4,0
GM,3607,2010-11-18,2025-03-24,36,0,0
GME,5815,2002-02-13,2025-03-24,29,2,0
GMED,3177,2012-08-03,2025-03-24,0,0,0
GMS,2219,2016-05-26,2025-03-24,0,0,0
GNRC,3802,2010-02-11,2025-03-24,2,0,0
GNTX,10901,1981-12-22,2025-03-24,87,5,0
GNW,5241,2004-05-25,2025-03-24,17,0,0
GOLF,2111,2016-10-28,2025-03-24,33,0,0
GOOG,5182,2004-08-19,2025-03-24,4,3,0
GOOGL,5182,2004-08-19,2025-03-24,4,2,0
GPC,11348,1980-03-17,2025-03-24,167,4,0
GPI,6891,1997-10-30,2025-03-24,68,0,0
GPK,8127,1992-12-10,2025-03-24,42,2,0
GPN,6083,2001-01-16,2025-03-24,96,2,0
GPOR,967,2021-05-18,2025-03-24,0,0,0
GRBK,4469,2007-06-20,2025-03-24,0,2,0
GRMN,6107,2000-12-08,2025-03-24,63,1,0
GS,6513,1999-05-04,2025-03-24,104,0,0
GSAT,4625,2006-11-02,2025-03-24,0,1,0
GSHD,1736,2018-04-27,2025-03-24,4,0,0
GT,13926,1970-01-02,2025-03-24,158,1,0
GTLB,863,2021-10-14,2025-03-24,0,0,0
GTLS,4695,2006-07-26,2025-03-24,0,0,0
GVA,8796,1990-04-20,2025-03-24,136,3,0
GWRE,3310,2012-01-25,2025-03-24,0,0,0
GWW,13134,1973-02-21,2025-03-24,161,3,0
GXO,922,2021-07-22,2025-03-24,0,0,0
H,3868,2009-11-05,2025-03-24,17,0,0
HAE,8529,1991-05-10,2025-03-24,0,2,0
HAL,13314,1972-06-01,2025-03-24,212,5,0
HALO,5290,2004-03-16,2025-03-24,0,0,0
HAS,11348,1980-03-17,2025-03-24,151,8,0
HASI,3002,2013-04-18,2025-03-24,47,0,0
HAYW,1013,2021-03-12,2025-03-24,0,0,0
HBAN,11348,1980-03-17,2025-03-24,159,13,0
HBANL,519,2023-02-28,2025-03-24,7,0,0
HBANM,951,2021-06-10,2025-03-24,15,0,0
HBANP,1040,2021-02-02,2025-03-24,16,0,0
HCA,3531,2011-03-10,2025-03-24,31,0,0
HCC,1997,2017-04-13,2025-03-24,39,0,0
HCXY,1630,2018-09-27,2025-03-24,25,0,0
HD,10965,1981-09-22,2025-03-24,151,13,0
HEES,4817,2006-01-31,2025-03-24,44,0,0
HEI,11348,1980-03-17,2025-03-24,77,18,0
HES,11348,1980-03-17,2025-03-24,164,2,0
HESM,2003,2017-04-05,2025-03-24,31,0,0
HGTY,958,2021-06-01,2025-03-24,0,0,0
HGV,2066,2017-01-04,2025-03-24,0,0,0
HHH,3616,2010-11-05,2025-03-24,0,1,0
HIG,7365,1995-12-15,2025-03-24,117,1,0
HII,3523,2011-03-22,2025-03-24,50,0,0
HIMS,1389,2019-09-13,2025-03-24,0,0,0
HIW,7751,1994-06-08,2025-03-24,123,0,0
HL,11348,1980-03-17,2025-03-24,64,1,0
HLI,2417,2015-08-13,2025-03-24,38,0,0
HLNE,2028,2017-03-01,2025-03-24,32,0,0
HLT,2836,2013-12-12,2025-03-24,31,1,0
HOG,9754,1986-07-08,2025-03-24,127,5,0
HOLX,8831,1990-03-01,2025-03-24,0,3,0
HOMB,4717,2006-06-23,2025-03-24,75,4,0
HON,13926,1970-01-02,2025-03-24,220,6,0
HOOD,917,2021-07-29,2025-03-24,0,0,0
HPE,2371,2015-10-19,2025-03-24,38,2,0
HPQ,13926,1970-01-02,2025-03-24,207,8,0
HQY,2678,2014-07-31,2025-03-24,0,0,0
HR,8011,1993-05-27,2025-03-24,128,1,0
HRB,13134,1973-02-21,2025-03-24,155,5,0
HRI,4615,2006-11-16,2025-03-24,14,1,0
HRL,11348,1980-03-17,2025-03-24,154,6,0
HSIC,7394,1995-11-03,2025-03-24,0,3,0
HST,11348,1980-03-17,2025-03-24,125,3,0
HSY,11348,1980-03-17,2025-03-24,159,4,0
HTGC,4979,2005-06-09,2025-03-24,79,0,0
HUBB,13192,1972-06-05,2025-03-24,162,9,1
HUBG,7305,1996-03-13,2025-03-24,5,3,0
HUBS,2629,2014-10-09,2025-03-24,0,0,0
HUM,10895,1981-12-31,2025-03-24,100,4,0
HUN,5059,2005-02-14,2025-03-24,73,0,0
HURN,5144,2004-10-13,2025-03-24,0,0,0
HWC,8513,1991-06-04,2025-03-24,132,4,0
HWCPZ,1198,2020-06-17,2025-03-24,18,0,0
HWKN,11347,1980-03-18,2025-03-24,82,2,0
HWM,2109,2016-11-01,2025-03-24,29,0,0
HXL,11348,1980-03-17,2025-03-24,58,1,0
IAC,8101,1993-01-19,2025-03-24,10,6,0
IAU,5070,2005-01-28,2025-03-24,0,2,0
IBIT,300,2024-01-11,2025-03-24,0,0,0
IBKR,4501,2007-05-04,2025-03-24,56,0,0
IBM,13926,1970-01-02,2025-03-24,220,5,0
IBOC,7440,1995-08-30,2025-03-24,55,11,0
IBP,2794,2014-02-13,2025-03-24,16,0,0
IBRX,2429,2015-07-28,2025-03-24,0,0,0
ICE,4867,2005-11-16,2025-03-24,46,1,0
ICUI,8304,1992-03-31,2025-03-24,0,2,0
IDA,13134,1973-02-21,2025-03-24,156,1,0
IDCC,10928,1981-11-12,2025-03-24,57,0,0
IDXX,8500,1991-06-21,2025-03-24,0,4,0
IEF,5700,2002-07-30,2025-03-24,272,0,0
IEFA,3120,2012-10-24,2025-03-24,26,0,0
IEMG,3120,2012-10-24,2025-03-24,26,0,0
IEP,9490,1987-07-23,2025-03-24,103,5,0
IESC,6831,1998-01-28,2025-03-24,0,1,0
IEX,9019,1989-06-02,2025-03-24,121,4,0
IFF,12673,1974-12-17,2025-03-24,202,2,0
IGT,8814,1990-03-26,2025-03-24,105,5,0
IJH,6243,2000-05-26,2025-03-24,102,2,0
IJR,6243,2000-05-26,2025-03-24,100,2,0
ILMN,6200,2000-07-28,2025-03-24,0,2,0
IMVT,1447,2019-06-21,2025-03-24,0,0,0
INCY,7899,1993-11-04,2025-03-24,0,2,0
INDB,9791,1986-05-14,2025-03-24,138,1,0
INFA,854,2021-10-27,2025-03-24,0,0,0
INGM,102,2024-10-24,2025-03-24,1,0,0
INGR,6862,1997-12-11,2025-03-24,106,1,0
INSM,6240,2000-06-01,2025-03-24,0,2,0
INSP,1732,2018-05-03,2025-03-24,0,0,0
INTA,937,2021-06-30,2025-03-24,0,0,0
INTC,11348,1980-03-17,2025-03-24,128,8,0
INTU,8064,1993-03-12,2025-03-24,54,3,0
INVH,2047,2017-02-01,2025-03-24,32,0,0
IONQ,1060,2021-01-04,2025-03-24,0,0,0
IONS,8524,1991-05-17,2025-03-24,0,0,0
IOSP,6758,1998-05-13,2025-03-24,36,1,0
IOT,820,2021-12-15,2025-03-24,0,0,0
IP,13926,1970-01-02,2025-03-24,222,4,0
IPAR,9354,1988-02-04,2025-03-24,91,5,0
IPG,11348,1980-03-17,2025-03-24,121,6,0
IPGP,4597,2006-12-13,2025-03-24,0,0,0
IQV,2987,2013-05-09,2025-03-24,0,0,0
IR,1977,2017-05-12,2025-03-24,14,0,0
IRDM,4280,2008-03-20,2025-03-24,9,0,0
IRM,7333,1996-02-01,2025-03-24,64,5,0
IRT,2921,2013-08-13,2025-03-24,83,0,0
IRTC,2117,2016-10-20,2025-03-24,0,0,0
ISRG,6229,2000-06-16,2025-03-24,0,3,0
IT,7921,1993-10-05,2025-03-24,1,3,0
ITGR,6156,2000-09-29,2025-03-24,0,0,0
ITOT,5326,2004-01-23,2025-03-24,87,2,0
ITRI,7898,1993-11-05,2025-03-24,0,0,0
ITT,7365,1995-12-15,2025-03-24,117,2,0
ITW,13120,1973-03-13,2025-03-24,153,5,0
IUSB,2712,2014-06-12,2025-03-24,126,1,0
IVE,6243,2000-05-26,2025-03-24,101,0,0
IVT,2785,2014-02-27,2025-03-24,20,1,0
IVV,6248,2000-05-19,2025-03-24,102,0,0
IVW,6243,2000-05-26,2025-03-24,101,1,0
IVZ,7443,1995-08-25,2025-03-24,93,2,0
IWB,6248,2000-05-19,2025-03-24,102,0,0
IWD,6243,2000-05-26,2025-03-24,101,0,0
IWF,6243,2000-05-26,2025-03-24,102,0,0
IWM,6243,2000-05-26,2025-03-24,101,1,0
IWR,5928,2001-08-27,2025-03-24,96,1,0
IXUS,3120,2012-10-24,2025-03-24,26,0,0
J,11348,1980-03-17,2025-03-24,33,6,0
JBHT,10415,1983-11-22,2025-03-24,138,4,0
JBL,8029,1993-05-03,2025-03-24,76,3,0
JBTM,4195,2008-07-22,2025-03-24,66,0,0
JCI,9444,1987-09-28,2025-03-24,152,7,0
JEF,11348,1980-03-17,2025-03-24,69,10,0
JEPI,1216,2020-05-21,2025-03-24,57,0,0
JJSF,9860,1986-02-04,2025-03-24,82,2,0
JKHY,9911,1985-11-20,2025-03-24,136,6,0
JLL,6965,1997-07-17,2025-03-24,32,0,0
JNJ,13926,1970-01-02,2025-03-24,221,6,0
JNPR,6476,1999-06-25,2025-03-24,43,2,0
JOBY,1097,2020-11-09,2025-03-24,0,0,0
JOE,8815,1990-03-23,2025-03-24,76,2,0
JPM,11348,1980-03-17,2025-03-24,165,4,0
JPST,1972,2017-05-19,2025-03-24,96,0,0
JWN,11348,1980-03-17,2025-03-24,141,3,0
JXN,893,2021-09-01,2025-03-24,14,0,0
K,13134,1973-02-21,2025-03-24,162,5,0
KAI,8153,1992-11-03,2025-03-24,48,3,0
KBH,9736,1986-08-01,2025-03-24,150,1,0
KBR,4615,2006-11-16,2025-03-24,69,0,0
KD,857,2021-10-22,2025-03-24,0,0,0
KDP,4247,2008-05-07,2025-03-24,61,0,0
KEX,11348,1980-03-17,2025-03-24,2,2,0
KEY,9416,1987-11-05,2025-03-24,149,3,0
KEYS,2622,2014-10-20,2025-03-24,0,0,0
KFY,6569,1999-02-11,2025-03-24,40,0,0
KGS,435,2023-06-29,2025-03-24,6,0,0
KHC,2445,2015-07-06,2025-03-24,40,0,0
KIM,8392,1991-11-22,2025-03-24,135,3,0
KKR,3696,2010-07-15,2025-03-24,59,0,0
KKRS,986,2021-04-21,2025-03-24,15,0,0
KLAC,11205,1980-10-08,2025-03-24,81,5,0
KMB,11348,1980-03-17,2025-03-24,162,5,0
KMI,3549,2011-02-11,2025-03-24,56,0,0
KMPR,8795,1990-04-23,2025-03-24,139,1,0
KMX,7078,1997-02-04,2025-03-24,0,1,0
KNF,451,2023-06-06,2025-03-24,0,0,0
KNSL,2176,2016-07-28,2025-03-24,35,0,0
KNTK,1597,2018-11-13,2025-03-24,16,2,0
KNX,7654,1994-10-25,2025-03-24,82,5,0
KO,13926,1970-01-02,2025-03-24,221,6,0
KR,13926,1970-01-02,2025-03-24,150,5,0
KRC,7082,1997-01-29,2025-03-24,111,0,0
KRG,5187,2004-08-12,2025-03-24,83,1,0
KRYS,1887,2017-09-20,2025-03-24,0,0,0
KTB,1465,2019-05-28,2025-03-24,21,0,0
KTOS,6383,1999-11-05,2025-03-24,0,1,0
KVUE,473,2023-05-04,2025-03-24,7,0,0
KVYO,377,2023-09-21,2025-03-24,0,0,0
L,11348,1980-03-17,2025-03-24,155,5,0
LAD,7110,1996-12-18,2025-03-24,82,0,0
LAMR,7206,1996-08-02,2025-03-24,45,1,0
LANC,11348,1980-03-17,2025-03-24,154,6,0
LAUR,2047,2017-02-01,2025-03-24,5,0,0
LBRDA,2611,2014-11-04,2025-03-24,0,1,0
LBRDK,2610,2014-11-05,2025-03-24,0,1,0
LBRDP,1067,2020-12-22,2025-03-24,17,0,0
LCID,1133,2020-09-18,2025-03-24,0,0,0
LCII,10033,1985-05-29,2025-03-24,41,3,0
LDOS,4637,2006-10-17,2025-03-24,55,1,0
LEA,3866,2009-11-09,2025-03-24,55,1,0
LECO,7793,1994-04-07,2025-03-24,114,2,0
LEGN,1206,2020-06-05,2025-03-24,0,0,0
LEN,11348,1980-03-17,2025-03-24,155,6,0
LEVI,1511,2019-03-21,2025-03-24,20,0,0
LFST,951,2021-06-10,2025-03-24,0,0,0
LFUS,8183,1992-09-22,2025-03-24,58,1,0
LH,8811,1990-03-29,2025-03-24,26,4,0
LHX,10895,1981-12-31,2025-03-24,175,3,0
LIF,199,2024-06-06,2025-03-24,0,0,0
LII,6453,1999-07-29,2025-03-24,102,0,0
LIN,8250,1992-06-17,2025-03-24,131,1,0
LINE,166,2024-07-25,2025-03-24,2,0,0
LITE,2432,2015-07-23,2025-03-24,0,0,0
LKQ,5401,2003-10-06,2025-03-24,14,3,0
LLY,13314,1972-06-01,2025-03-24,211,4,0
LLYVA,404,2023-08-14,2025-03-24,0,0,0
LLYVK,408,2023-08-08,2025-03-24,0,0,0
LMND,1187,2020-07-02,2025-03-24,0,0,0
LMT,12157,1977-01-03,2025-03-24,164,3,0
LNC,11348,1980-03-17,2025-03-24,159,2,0
LNG,7796,1994-04-04,2025-03-24,14,3,0
LNT,13134,1973-02-21,2025-03-24,153,2,0
LNTH,2451,2015-06-25,2025-03-24,0,0,0
LNW,10225,1984-08-23,2025-03-24,0,3,0
LOAR,228,2024-04-25,2025-03-24,0,0,0
LOGI,7042,1997-03-27,2025-03-24,12,3,0
LOPE,4109,2008-11-20,2025-03-24,0,0,0
LOW,11348,1980-03-17,2025-03-24,159,5,0
LPLA,3607,2010-11-18,2025-03-24,52,0,0
LPX,11348,1980-03-17,2025-03-24,126,2,0
LQD,5700,2002-07-30,2025-03-24,271,0,0
LRCX,10302,1984-05-04,2025-03-24,44,3,0
LRN,4346,2007-12-13,2025-03-24,0,0,0
LSCC,8907,1989-11-09,2025-03-24,0,3,0
LSTR,8069,1993-03-05,2025-03-24,85,3,0
LTH,868,2021-10-07,2025-03-24,0,0,0
LULU,4443,2007-07-27,2025-03-24,0,1,0
LUMN,11348,1980-03-17,2025-03-24,144,5,0
LUV,11400,1980-01-02,2025-03-24,171,11,0
LVS,5100,2004-12-15,2025-03-24,41,0,0
LW,2102,2016-11-10,2025-03-24,33,0,0
LXP,7908,1993-10-22,2025-03-24,91,0,0
LYB,3750,2010-04-28,2025-03-24,55,0,0
LYFT,1505,2019-03-29,2025-03-24,0,0,0
LYV,4843,2005-12-21,2025-03-24,0,0,0
M,8342,1992-02-05,2025-03-24,83,1,0
MA,4737,2006-05-25,2025-03-24,74,1,0
MAA,7840,1994-01-28,2025-03-24,124,0,0
MAC,7812,1994-03-10,2025-03-24,124,4,0
MAIN,4392,2007-10-09,2025-03-24,231,0,0
MAN,9185,1988-10-05,2025-03-24,63,0,0
MANH,6772,1998-04-23,2025-03-24,0,1,0
MAR,6794,1998-03-23,2025-03-24,98,5,0
MARA,3240,2012-05-04,2025-03-24,0,4,0
MAS,11348,1980-03-17,2025-03-24,167,4,0
MASI,4435,2007-08-08,2025-03-24,3,0,0
MAT,12294,1976-06-17,2025-03-24,86,5,0
MATX,13084,1973-05-03,2025-03-24,143,4,0
MBB,4535,2007-03-16,2025-03-24,208,0,0
MC,2751,2014-04-16,2025-03-24,46,0,0
MCD,13926,1970-01-02,2025-03-24,172,9,0
MCHP,8059,1993-03-19,2025-03-24,90,8,0
MCHPP,2,2025-03-21,2025-03-24,0,0,0
MCK,7642,1994-11-10,2025-03-24,122,1,0
MCO,7650,1994-10-31,2025-03-24,98,1,0
MCW,940,2021-06-25,2025-03-24,0,0,0
MCY,9911,1985-11-20,2025-03-24,141,2,0
MDB,1866,2017-10-19,2025-03-24,0,0,0
MDGL,4562,2007-02-06,2025-03-24,0,1,0
MDLZ,5980,2001-06-13,2025-03-24,94,0,0
MDT,13085,1973-05-02,2025-03-24,173,7,0
MDU,13134,1973-02-21,2025-03-24,75,8,0
MEDP,2166,2016-08-11,2025-03-24,0,0,0
MET,6279,2000-04-05,2025-03-24,62,1,0
META,3230,2012-05-18,2025-03-24,5,0,0
MFAN,292,2024-01-24,2025-03-24,3,0,0
MFAO,229,2024-04-24,2025-03-24,2,0,0
MGEE,11348,1980-03-17,2025-03-24,154,3,0
MGM,9294,1988-05-02,2025-03-24,26,2,0
MGRC,10168,1984-11-13,2025-03-24,136,3,0
MGY,1944,2017-06-29,2025-03-24,13,0,0
MHK,8303,1992-04-01,2025-03-24,0,2,0
MHO,7900,1993-11-03,2025-03-24,42,1,0
MIDD,9478,1987-08-10,2025-03-24,13,3,0
MIR,1153,2020-08-20,2025-03-24,0,0,0
MIRM,1429,2019-07-18,2025-03-24,0,0,0
MKC,13134,1973-02-21,2025-03-24,153,6,0
MKL,9643,1986-12-12,2025-03-24,0,0,0
MKSI,6537,1999-03-30,2025-03-24,57,0,0
MKTX,5127,2004-11-05,2025-03-24,62,0,0
MLI,8582,1991-02-25,2025-03-24,87,4,0
MLM,7826,1994-02-17,2025-03-24,123,0,0
MLTX,1111,2020-10-20,2025-03-24,0,0,0
MMC,13134,1973-02-21,2025-03-24,169,4,0
MMM,13926,1970-01-02,2025-03-24,221,5,0
MMS,6988,1997-06-13,2025-03-24,81,2,0
MMSI,8780,1990-05-14,2025-03-24,0,6,0
MNST,9899,1985-12-09,2025-03-24,1,6,0
MO,13926,1970-01-02,2025-03-24,221,5,0
MOD,10714,1982-09-20,2025-03-24,89,3,0
MOH,5467,2003-07-02,2025-03-24,0,1,0
MORN,5005,2005-05-03,2025-03-24,57,0,0
MOS,9361,1988-01-26,2025-03-24,125,1,0
MP,1195,2020-06-22,2025-03-24,0,0,0
MPC,3457,2011-06-24,2025-03-24,55,1,0
MPLX,3118,2012-10-26,2025-03-24,49,0,0
MPW,4959,2005-07-08,2025-03-24,79,0,0
MPWR,5117,2004-11-19,2025-03-24,44,0,0
MRCY,6829,1998-01-30,2025-03-24,0,1,0
MRK,13926,1970-01-02,2025-03-24,219,6,0
MRNA,1581,2018-12-07,2025-03-24,0,0,0
MRP,33,2025-02-05,2025-03-24,0,0,0
MRVL,6219,2000-06-30,2025-03-24,51,2,0
MS,8077,1993-02-23,2025-03-24,129,2,0
MSA,13133,1973-02-22,2025-03-24,141,5,0
MSCI,4365,2007-11-15,2025-03-24,42,0,0
MSFT,9834,1986-03-13,2025-03-24,85,9,0
MSGS,2393,2015-09-17,2025-03-24,1,1,0
MSI,13926,1970-01-02,2025-03-24,211,8,0
MSM,7365,1995-12-15,2025-03-24,89,1,0
MSTR,6738,1998-06-11,2025-03-24,0,3,0
MTB,11348,1980-03-17,2025-03-24,153,2,0
MTCH,8101,1993-01-19,2025-03-24,2,5,0
MTD,6880,1997-11-14,2025-03-24,0,0,0
MTDR,3304,2012-02-02,2025-03-24,17,0,0
MTG,8468,1991-08-07,2025-03-24,91,2,0
MTH,9235,1988-07-26,2025-03-24,15,4,0
MTN,7078,1997-02-04,2025-03-24,50,0,0
MTSI,3275,2012-03-15,2025-03-24,0,0,0
MTZ,13134,1973-02-21,2025-03-24,0,2,0
MU,10283,1984-06-01,2025-03-24,27,3,0
MUB,4413,2007-09-10,2025-03-24,208,0,0
MUR,11348,1980-03-17,2025-03-24,169,4,0
MUSA,2917,2013-08-19,2025-03-24,18,0,0
MWA,4736,2006-05-26,2025-03-24,74,0,0
NAN,6497,1999-05-26,2025-03-24,309,0,0
NBIX,7255,1996-05-23,2025-03-24,0,0,0
NCLH,3063,2013-01-18,2025-03-24,0,0,0
NCNO,1180,2020-07-14,2025-03-24,0,0,0
NDAQ,5720,2002-07-01,2025-03-24,51,1,0
NDSN,11347,1980-03-18,2025-03-24,153,5,0
NE,952,2021-06-09,2025-03-24,7,0,0
NEE,13134,1973-02-21,2025-03-24,168,3,0
NEM,11348,1980-03-17,2025-03-24,156,3,0
NET,1389,2019-09-13,2025-03-24,0,0,0
NEU,11348,1980-03-17,2025-03-24,138,5,0
NFG,13084,1973-05-03,2025-03-24,149,4,0
NFLX,5746,2002-05-23,2025-03-24,0,2,0
NHI,8424,1991-10-09,2025-03-24,130,0,0
NI,13134,1973-02-21,2025-03-24,155,2,0
NIO,1641,2018-09-12,2025-03-24,0,0,0
NJR,11348,1980-03-17,2025-03-24,154,4,0
NKE,11168,1980-12-02,2025-03-24,151,6,0
NLY,6907,1997-10-08,2025-03-24,111,1,0
NMFCZ,331,2023-11-27,2025-03-24,4,0,0
NMIH,2859,2013-11-08,2025-03-24,0,0,0
NNI,5353,2003-12-12,2025-03-24,67,0,0
NNN,10193,1984-10-09,2025-03-24,139,0,0
NOC,10895,1981-12-31,2025-03-24,174,3,0
NOG,4516,2007-04-13,2025-03-24,15,1,0
NOV,7145,1996-10-29,2025-03-24,56,3,0
NOVT,6541,1999-03-24,2025-03-24,0,1,0
NOW,3201,2012-06-29,2025-03-24,0,0,0
NPO,5745,2002-05-24,2025-03-24,41,0,0
NRG,5361,2003-12-02,2025-03-24,51,1,0
NSA,2496,2015-04-22,2025-03-24,40,0,0
NSC,10790,1982-06-02,2025-03-24,172,2,0
NSIT,7592,1995-01-24,2025-03-24,0,4,0
NSP,7082,1997-01-29,2025-03-24,82,2,0
NTAP,7382,1995-11-21,2025-03-24,47,4,0
NTNX,2131,2016-09-30,2025-03-24,0,0,0
NTRA,2447,2015-07-01,2025-03-24,0,0,0
NTRS,11348,1980-03-17,2025-03-24,154,5,0
NTRSO,1356,2019-10-30,2025-03-24,21,0,0
NUE,11348,1980-03-17,2025-03-24,166,6,0
NUVL,917,2021-07-29,2025-03-24,0,0,0
NVDA,6583,1999-01-22,2025-03-24,50,6,0
NVR,9996,1985-07-22,2025-03-24,10,0,0
NVST,1386,2019-09-18,2025-03-24,0,0,0
NWE,4336,2007-12-28,2025-03-24,69,0,0
NWL,11348,1980-03-17,2025-03-24,153,4,0
NWS,2959,2013-06-19,2025-03-24,20,0,0
NWSA,2959,2013-06-19,2025-03-24,20,0,0
NXPI,3680,2010-08-06,2025-03-24,26,0,0
NXST,5365,2003-11-25,2025-03-24,49,0,0
NXT,531,2023-02-09,2025-03-24,0,0,0
NYMTI,182,2024-07-02,2025-03-24,2,0,0
NYMTM,1364,2019-10-18,2025-03-24,20,0,0
NYT,13084,1973-05-03,2025-03-24,132,3,0
O,7659,1994-10-18,2025-03-24,364,2,0
OC,4626,2006-11-01,2025-03-24,45,0,0
ODFL,8413,1991-10-24,2025-03-24,33,7,0
OGE,13134,1973-02-21,2025-03-24,154,2,0
OGN,969,2021-05-14,2025-03-24,15,0,0
OGS,2813,2014-01-16,2025-03-24,44,0,0
OHI,8214,1992-08-07,2025-03-24,120,0,0
OKE,11210,1980-10-01,2025-03-24,156,4,0
OKLO,932,2021-07-08,2025-03-24,0,0,0
OKTA,2001,2017-04-07,2025-03-24,0,0,0
OLED,7285,1996-04-11,2025-03-24,33,0,0
OLLI,2437,2015-07-16,2025-03-24,0,0,0
OLN,13134,1973-02-21,2025-03-24,153,3,0
OMC,11348,1980-03-17,2025-03-24,155,4,0
OMF,2876,2013-10-16,2025-03-24,25,0,0
ON,6261,2000-05-02,2025-03-24,0,0,0
ONB,10270,1984-06-20,2025-03-24,160,10,0
ONBPO,1196,2020-06-19,2025-03-24,19,0,0
ONBPP,1219,2020-05-18,2025-03-24,19,0,0
ONEQ,5404,2003-10-01,2025-03-24,86,1,0
ONTO,1358,2019-10-28,2025-03-24,0,0,0
OPCH,7197,1996-08-15,2025-03-24,0,1,0
ORA,5123,2004-11-11,2025-03-24,76,0,0
ORCL,9835,1986-03-12,2025-03-24,63,10,0
ORI,11348,1980-03-17,2025-03-24,158,14,0
ORLY,8035,1993-04-23,2025-03-24,0,3,0
OS,167,2024-07-24,2025-03-24,0,0,0
OSCR,1020,2021-03-03,2025-03-24,0,0,0
OSIS,6911,1997-10-02,2025-03-24,0,0,0
OSK,9946,1985-10-02,2025-03-24,129,3,0
OTIS,1260,2020-03-19,2025-03-24,20,0,0
OTTR,13134,1973-02-21,2025-03-24,151,2,0
OUT,2764,2014-03-28,2025-03-24,24,1,0
OWL,1073,2020-12-14,2025-03-24,15,0,0
OXLCL,1009,2021-03-18,2025-03-24,13,0,0
OXLCN,698,2022-06-10,2025-03-24,33,0,0
OXLCO,908,2021-08-11,2025-03-24,43,0,0
OXLCP,1289,2020-02-06,2025-03-24,61,0,0
OXLCZ,799,2022-01-14,2025-03-24,10,0,0
OXY,10895,1981-12-31,2025-03-24,172,3,0
OZK,6965,1997-07-17,2025-03-24,109,4,0
PAA,6626,1998-11-18,2025-03-24,105,1,0
PAG,7149,1996-10-23,2025-03-24,75,1,0
PAGP,2876,2013-10-16,2025-03-24,45,1,0
PANW,3187,2012-07-20,2025-03-24,0,2,0
PAR,10661,1982-12-03,2025-03-24,0,1,0
PARA,4855,2005-12-05,2025-03-24,76,0,0
PARAA,1331,2019-12-05,2025-03-24,22,0,0
PATH,986,2021-04-21,2025-03-24,0,0,0
PATK,11348,1980-03-17,2025-03-24,23,5,0
PAY,961,2021-05-26,2025-03-24,0,0,0
PAYC,2752,2014-04-15,2025-03-24,8,0,0
PAYO,1113,2020-10-16,2025-03-24,0,0,0
PAYX,10476,1983-08-26,2025-03-24,145,10,0
PB,6630,1998-11-12,2025-03-24,101,1,0
PBH,5061,2005-02-10,2025-03-24,0,0,0
PCAR,11348,1980-03-17,2025-03-24,183,9,0
PCG,13314,1972-06-01,2025-03-24,170,1,0
PCH,11348,1980-03-17,2025-03-24,161,2,0
PCOR,965,2021-05-20,2025-03-24,0,0,0
PCTY,2771,2014-03-19,2025-03-24,0,0,0
PCVX,1201,2020-06-12,2025-03-24,0,0,0
PDCO,8157,1992-10-28,2025-03-24,59,4,0
PDI,3225,2012-05-25,2025-03-24,161,0,0
PECO,1024,2021-02-25,2025-03-24,44,0,0
PEG,11400,1980-01-02,2025-03-24,181,2,0
PEGA,7216,1996-07-19,2025-03-24,76,1,0
PEN,2392,2015-09-18,2025-03-24,0,0,0
PENN,7759,1994-05-26,2025-03-24,0,5,0
PEP,13314,1972-06-01,2025-03-24,213,4,0
PFE,13314,1972-06-01,2025-03-24,211,6,0
PFG,5892,2001-10-23,2025-03-24,63,0,0
PFGC,2384,2015-09-30,2025-03-24,0,0,0
PFH,1144,2020-09-02,2025-03-24,17,0,0
PFSI,2987,2013-05-09,2025-03-24,23,0,0
PG,13926,1970-01-02,2025-03-24,222,6,0
PGR,11348,1980-03-17,2025-03-24,119,8,0
PH,11348,1980-03-17,2025-03-24,158,4,0
PHM,11348,1980-03-17,2025-03-24,141,6,0
PINS,1491,2019-04-18,2025-03-24,0,0,0
PIPR,5340,2004-01-02,2025-03-24,33,0,0
PJT,2390,2015-09-22,2025-03-24,38,0,0
PKG,6326,2000-01-28,2025-03-24,86,0,0
PLD,6875,1997-11-21,2025-03-24,109,0,0
PLMR,1492,2019-04-17,2025-03-24,0,0,0
PLNT,2422,2015-08-06,2025-03-24,1,0,0
PLTR,1125,2020-09-30,2025-03-24,0,0,0
PLXS,9859,1986-02-05,2025-03-24,0,3,0
PM,4283,2008-03-17,2025-03-24,69,0,0
PMTU,372,2023-09-28,2025-03-24,6,0,0
PNC,12441,1975-11-17,2025-03-24,153,3,0
PNFP,6183,2000-08-22,2025-03-24,46,1,0
PNR,13084,1973-05-03,2025-03-24,139,4,0
PNW,13134,1973-02-21,2025-03-24,137,0,0
PODD,4494,2007-05-15,2025-03-24,0,0,0
POOL,7409,1995-10-13,2025-03-24,84,6,0
POR,4775,2006-03-31,2025-03-24,75,0,0
POST,3308,2012-01-27,2025-03-24,0,1,0
POWI,6861,1997-12-12,2025-03-24,66,2,0
POWL,11348,1980-03-17,2025-03-24,46,0,0
POWWP,964,2021-05-21,2025-03-24,15,0,0
PPC,9379,1987-12-30,2025-03-24,79,1,0
PPG,11348,1980-03-17,2025-03-24,168,4,0
PPL,11348,1980-03-17,2025-03-24,155,3,0
PR,2248,2016-04-15,2025-03-24,10,0,0
PRCT,884,2021-09-15,2025-03-24,0,0,0
PRGO,8376,1991-12-17,2025-03-24,88,1,0
PRGS,8474,1991-07-30,2025-03-24,32,4,0
PRH,649,2022-08-22,2025-03-24,9,0,0
PRI,3768,2010-04-01,2025-03-24,59,0,0
PRIM,4184,2008-08-06,2025-03-24,66,0,0
PRKS,3001,2013-04-19,2025-03-24,14,0,0
PRMB,8251,1992-06-16,2025-03-24,70,2,0
PRS,1655,2018-08-22,2025-03-24,26,0,0
PRU,5856,2001-12-13,2025-03-24,60,0,0
PRVA,981,2021-04-28,2025-03-24,0,0,0
PSA,11177,1980-11-18,2025-03-24,151,0,0
PSMT,6933,1997-09-02,2025-03-24,38,0,0
PSN,1478,2019-05-08,2025-03-24,0,0,0
PSTG,2380,2015-10-06,2025-03-24,0,0,0
PSX,3256,2012-04-12,2025-03-24,51,0,0
PTC,8887,1989-12-08,2025-03-24,0,6,0
PTCT,2958,2013-06-20,2025-03-24,0,0,0
PTEN,7901,1993-11-02,2025-03-24,84,3,0
PTGX,2166,2016-08-11,2025-03-24,0,0,0
PTON,1380,2019-09-26,2025-03-24,0,0,0
PVH,11348,1980-03-17,2025-03-24,150,3,0
PWR,6820,1998-02-12,2025-03-24,25,1,0
PYCR,923,2021-07-21,2025-03-24,0,0,0
PYPL,2445,2015-07-06,2025-03-24,0,0,0
QCOM,8378,1991-12-13,2025-03-24,90,4,0
QLYS,3138,2012-09-28,2025-03-24,0,0,0
QQQ,6551,1999-03-10,2025-03-24,84,1,0
QQQM,1116,2020-10-13,2025-03-24,18,0,0
QRVO,2571,2015-01-02,2025-03-24,0,0,0
QS,1156,2020-08-17,2025-03-24,0,0,0
QTWO,2770,2014-03-20,2025-03-24,0,0,0
QUAL,2939,2013-07-18,2025-03-24,46,0,0
QVCGB,4748,2006-05-10,2025-03-24,4,1,0
QVCGP,1145,2020-09-01,2025-03-24,18,0,0
QXO,3253,2012-04-17,2025-03-24,10,1,0
R,11400,1980-01-02,2025-03-24,182,2,0
RARE,2803,2014-01-31,2025-03-24,0,0,0
RBC,4936,2005-08-10,2025-03-24,2,0,0
RBLX,1015,2021-03-10,2025-03-24,0,0,0
RBRK,228,2024-04-25,2025-03-24,0,0,0
RCB,1424,2019-07-25,2025-03-24,8,0,0
RCC,1031,2021-02-16,2025-03-24,13,0,0
RCL,8032,1993-04-28,2025-03-24,100,1,0
RDDT,252,2024-03-21,2025-03-24,0,0,0
RDN,8155,1992-10-30,2025-03-24,130,2,0
RDNT,7100,1997-01-03,2025-03-24,0,1,0
REG,7903,1993-10-29,2025-03-24,125,0,0
REGCO,383,2023-09-13,2025-03-24,6,0,0
REGCP,383,2023-09-13,2025-03-24,5,0,0
REGN,8557,1991-04-02,2025-03-24,1,0,0
RELY,878,2021-09-23,2025-03-24,0,0,0
REXR,2938,2013-07-19,2025-03-24,45,0,0
REYN,1293,2020-01-31,2025-03-24,20,0,0
REZI,1608,2018-10-29,2025-03-24,0,0,0
RF,11348,1980-03-17,2025-03-24,156,5,0
RGA,4158,2008-09-12,2025-03-24,67,0,0
RGEN,9802,1986-04-29,2025-03-24,0,0,0
RGLD,11038,1981-06-09,2025-03-24,90,0,0
RGTI,985,2021-04-22,2025-03-24,0,0,0
RH,3115,2012-11-02,2025-03-24,0,0,0
RHI,11348,1980-03-17,2025-03-24,85,8,0
RHP,8413,1991-10-24,2025-03-24,74,1,0
RIOT,2259,2016-03-31,2025-03-24,1,0,0
RITM,2992,2013-05-02,2025-03-24,47,1,0
RIVN,844,2021-11-10,2025-03-24,0,0,0
RJF,10515,1983-07-01,2025-03-24,154,8,0
RKLB,1086,2020-11-24,2025-03-24,0,0,0
RKT,1163,2020-08-06,2025-03-24,3,0,0
RL,6989,1997-06-12,2025-03-24,84,0,0
RLI,11348,1980-03-17,2025-03-24,80,8,0
RMBS,7009,1997-05-14,2025-03-24,0,1,0
RMD,7502,1995-06-02,2025-03-24,51,4,0
RNA,1201,2020-06-12,2025-03-24,0,0,0
RNG,2889,2013-09-27,2025-03-24,0,0,0
ROAD,1731,2018-05-04,2025-03-24,0,0,0
ROK,10895,1981-12-31,2025-03-24,174,2,0
ROKU,1881,2017-09-28,2025-03-24,0,0,0
ROL,11348,1980-03-17,2025-03-24,152,10,0
ROP,8336,1992-02-13,2025-03-24,132,3,0
ROST,9983,1985-08-08,2025-03-24,122,5,0
RPM,11348,1980-03-17,2025-03-24,150,7,0
RPRX,1199,2020-06-16,2025-03-24,19,0,0
RRC,11282,1980-06-19,2025-03-24,91,2,0
RRR,2240,2016-04-27,2025-03-24,31,0,0
RRX,11348,1980-03-17,2025-03-24,142,6,0
RS,7681,1994-09-16,2025-03-24,122,3,0
RSG,6724,1998-07-01,2025-03-24,86,1,0
RSI,1234,2020-04-27,2025-03-24,0,0,0
RSP,5510,2003-05-01,2025-03-24,87,1,0
RTO,7131,1996-11-18,2025-03-24,37,2,0
RTX,13926,1970-01-02,2025-03-24,220,6,0
RUM,991,2021-04-14,2025-03-24,0,0,0
RUSHA,5400,2003-10-07,2025-03-24,27,3,0
RUSHB,7245,1996-06-07,2025-03-24,27,3,0
RVMD,1284,2020-02-13,2025-03-24,0,0,0
RVTY,13134,1973-02-21,2025-03-24,169,4,0
RWTN,285,2024-02-02,2025-03-24,4,0,0
RWTO,187,2024-06-25,2025-03-24,0,0,0
RXO,602,2022-10-27,2025-03-24,0,0,0
RYAN,922,2021-07-22,2025-03-24,5,0,0
RYN,7826,1994-02-17,2025-03-24,128,5,0
RYTM,1874,2017-10-09,2025-03-24,0,0,0
S,937,2021-06-30,2025-03-24,0,0,0
SAIA,5670,2002-09-11,2025-03-24,0,1,0
SAIC,2898,2013-09-16,2025-03-24,46,0,0
SAIL,27,2025-02-13,2025-03-24,0,0,0
SAM,7382,1995-11-21,2025-03-24,0,0,0
SANM,8042,1993-04-14,2025-03-24,0,5,0
SARO,118,2024-10-02,2025-03-24,0,0,0
SATS,4334,2008-01-02,2025-03-24,0,1,0
SBAC,6483,1999-06-16,2025-03-24,23,0,0
SBRA,5783,2002-04-02,2025-03-24,57,1,0
SBUX,8243,1992-06-26,2025-03-24,60,6,0
SCCO,7352,1996-01-05,2025-03-24,48,4,0
SCHB,3870,2009-11-03,2025-03-24,27,2,0
SCHD,3375,2011-10-20,2025-03-24,27,1,0
SCHF,3870,2009-11-03,2025-03-24,11,1,0
SCHG,3829,2010-01-04,2025-03-24,26,2,0
SCHW,9448,1987-09-22,2025-03-24,144,8,0
SCHX,3870,2009-11-03,2025-03-24,29,2,0
SCI,11348,1980-03-17,2025-03-24,133,7,0
SE,1865,2017-10-20,2025-03-24,0,0,0
SEE,11348,1980-03-17,2025-03-24,85,5,0
SEIC,11090,1981-03-25,2025-03-24,71,6,0
SEM,3897,2009-09-25,2025-03-24,8,1,0
SF,10504,1983-07-19,2025-03-24,65,11,0
SFBS,2732,2014-05-14,2025-03-24,43,2,0
SFD,39,2025-01-28,2025-03-24,0,0,0
SFM,2929,2013-08-01,2025-03-24,0,0,0
SFNC,10085,1985-03-14,2025-03-24,155,4,0
SG,838,2021-11-18,2025-03-24,0,0,0
SGI,5349,2003-12-18,2025-03-24,24,1,0
SGOV,1210,2020-06-01,2025-03-24,55,0,0
SGRY,2384,2015-09-30,2025-03-24,0,0,0
SHAK,2552,2015-01-30,2025-03-24,0,0,0
SHC,1088,2020-11-20,2025-03-24,0,0,0
SHW,11348,1980-03-17,2025-03-24,159,6,0
SIGI,11348,1980-03-17,2025-03-24,150,5,0
SIRI,7684,1994-09-13,2025-03-24,14,1,0
SITE,2229,2016-05-12,2025-03-24,0,0,0
SITM,1341,2019-11-20,2025-03-24,0,0,0
SJM,7650,1994-10-31,2025-03-24,99,0,0
SKT,8010,1993-05-28,2025-03-24,127,2,0
SKX,6488,1999-06-09,2025-03-24,0,1,0
SKY,13084,1973-05-03,2025-03-24,123,0,0
SKYW,9761,1986-06-26,2025-03-24,113,3,0
SLAB,6287,2000-03-24,2025-03-24,0,0,0
SLB,10895,1981-12-31,2025-03-24,174,2,0
SLG,6944,1997-08-15,2025-03-24,150,2,0
SLGN,7070,1997-02-14,2025-03-24,84,3,0
SLM,10457,1983-09-23,2025-03-24,117,4,0
SLMBP,4958,2005-07-11,2025-03-24,79,0,0
SLNO,2604,2014-11-13,2025-03-24,0,2,0
SLVM,878,2021-09-23,2025-03-24,11,0,0
SM,8123,1992-12-16,2025-03-24,85,2,0
SMCI,4526,2007-03-29,2025-03-24,0,1,0
SMG,8345,1992-01-31,2025-03-24,81,1,0
SMPL,1938,2017-07-10,2025-03-24,0,0,0
SMR,769,2022-03-01,2025-03-24,0,0,0
SMTC,11348,1980-03-17,2025-03-24,0,3,0
SN,414,2023-07-31,2025-03-24,1,0,0
SNA,13134,1973-02-21,2025-03-24,159,3,0
SNAP,2027,2017-03-02,2025-03-24,0,0,0
SNDK,27,2025-02-13,2025-03-24,0,0,0
SNDR,2002,2017-04-06,2025-03-24,33,0,0
SNEX,7564,1995-03-06,2025-03-24,0,5,0
SNOW,1135,2020-09-16,2025-03-24,0,0,0
SNPS,8328,1992-02-26,2025-03-24,0,2,0
SNV,8949,1989-09-12,2025-03-24,143,6,0
SNX,5365,2003-11-25,2025-03-24,39,1,0
SO,10895,1981-12-31,2025-03-24,173,2,0
SOFI,1060,2021-01-04,2025-03-24,0,0,0
SOJC,1839,2017-11-28,2025-03-24,27,0,0
SOJD,1305,2020-01-14,2025-03-24,19,0,0
SOJE,1130,2020-09-23,2025-03-24,14,0,0
SOLV,246,2024-04-01,2025-03-24,0,0,0
SON,11348,1980-03-17,2025-03-24,139,6,0
SOUN,728,2022-04-28,2025-03-24,0,0,0
SPG,7872,1993-12-14,2025-03-24,128,3,0
SPGI,13134,1973-02-21,2025-03-24,162,4,0
SPLG,4868,2005-11-15,2025-03-24,77,1,0
SPR,4608,2006-11-28,2025-03-24,24,0,0
SPSC,3754,2010-04-22,2025-03-24,0,1,0
SPTM,6149,2000-10-10,2025-03-24,98,1,0
SPXC,11348,1980-03-17,2025-03-24,94,3,0
SPY,8093,1993-01-29,2025-03-24,130,0,0
SR,13134,1973-02-21,2025-03-24,154,2,0
SRE,6726,1998-06-29,2025-03-24,108,1,0
SREA,1443,2019-06-27,2025-03-24,23,0,0
SRPT,6995,1997-06-04,2025-03-24,0,1,0
SRRK,1716,2018-05-25,2025-03-24,0,0,0
SSB,7083,1997-01-28,2025-03-24,112,5,0
SSD,7759,1994-05-26,2025-03-24,84,2,0
SSNC,3769,2010-03-31,2025-03-24,42,1,0
STAG,3505,2011-04-15,2025-03-24,147,0,0
STE,8262,1992-06-01,2025-03-24,79,2,0
STEP,1135,2020-09-16,2025-03-24,17,0,0
STLD,7127,1996-11-22,2025-03-24,83,2,0
STR,1859,2017-10-30,2025-03-24,26,1,0
STRK,35,2025-02-03,2025-03-24,1,0,0
STRL,8486,1991-07-12,2025-03-24,0,0,0
STT,11348,1980-03-17,2025-03-24,150,7,0
STWD,3928,2009-08-12,2025-03-24,62,1,0
STX,5606,2002-12-11,2025-03-24,81,0,0
STZ,8314,1992-03-17,2025-03-24,40,4,0
SUI,7875,1993-12-09,2025-03-24,125,0,0
SUN,3144,2012-09-20,2025-03-24,50,0,0
SW,179,2024-07-08,2025-03-24,2,0,0
SWI,1614,2018-10-19,2025-03-24,2,2,0
SWK,11348,1980-03-17,2025-03-24,161,3,0
SWKS,10215,1984-09-07,2025-03-24,44,2,0
SWTX,1389,2019-09-13,2025-03-24,0,0,0
SWX,13134,1973-02-21,2025-03-24,153,0,0
SXT,11348,1980-03-17,2025-03-24,153,4,0
SYF,2678,2014-07-31,2025-03-24,35,0,0
SYK,11348,1980-03-17,2025-03-24,80,9,0
SYM,1016,2021-03-09,2025-03-24,0,0,0
SYY,13081,1973-05-08,2025-03-24,151,8,0
T,10416,1983-11-21,2025-03-24,163,4,0
TAP,12551,1975-06-12,2025-03-24,143,1,0
TBB,1853,2017-11-07,2025-03-24,28,0,0
TCBI,5438,2003-08-13,2025-03-24,0,0,0
TDG,4787,2006-03-15,2025-03-24,11,0,0
TDS,10906,1981-12-15,2025-03-24,154,4,0
TDY,6371,1999-11-23,2025-03-24,0,0,0
TECH,9097,1989-02-09,2025-03-24,66,3,0
TEL,4473,2007-06-14,2025-03-24,68,0,0
TEM,193,2024-06-14,2025-03-24,0,0,0
TENB,1674,2018-07-26,2025-03-24,0,0,0
TER,13134,1973-02-21,2025-03-24,44,4,0
TEX,11346,1980-03-19,2025-03-24,46,2,0
TFC,11347,1980-03-18,2025-03-24,150,5,0
TFSL,4510,2007-04-23,2025-03-24,53,0,0
TFX,11348,1980-03-17,2025-03-24,152,5,0
TGNA,11348,1980-03-17,2025-03-24,160,6,0
TGT,13134,1973-02-21,2025-03-24,168,5,0
TGTX,3747,2010-05-03,2025-03-24,0,2,0
THC,11348,1980-03-17,2025-03-24,49,4,0
THG,7411,1995-10-11,2025-03-24,82,0,0
THO,10383,1984-01-10,2025-03-24,152,5,0
TJX,9508,1987-06-26,2025-03-24,151,5,0
TKO,6396,1999-10-19,2025-03-24,83,0,0
TKR,13134,1973-02-21,2025-03-24,158,3,0
TLN,453,2023-06-02,2025-03-24,0,0,0
TLT,5700,2002-07-30,2025-03-24,270,0,0
TMDX,1482,2019-05-02,2025-03-24,0,0,0
TME,1578,2018-12-12,2025-03-24,1,0,0
TMHC,3008,2013-04-10,2025-03-24,0,0,0
TMO,11348,1980-03-17,2025-03-24,57,6,0
TMUS,4512,2007-04-19,2025-03-24,7,1,0
TNET,2765,2014-03-27,2025-03-24,4,0,0
TNL,4700,2006-07-19,2025-03-24,71,1,0
TOL,9754,1986-07-08,2025-03-24,32,4,0
TOST,879,2021-09-22,2025-03-24,0,0,0
TOWN,6512,1999-05-05,2025-03-24,77,4,0
TPG,800,2022-01-13,2025-03-24,12,0,0
TPGXL,264,2024-03-05,2025-03-24,4,0,0
TPH,3055,2013-01-31,2025-03-24,0,0,0
TPL,11348,1980-03-17,2025-03-24,54,2,0
TPR,6151,2000-10-06,2025-03-24,59,3,0
TR,11348,1980-03-17,2025-03-24,81,28,0
TREX,6531,1999-04-08,2025-03-24,0,3,0
TRGP,3595,2010-12-07,2025-03-24,57,0,0
TRI,5733,2002-06-12,2025-03-24,88,1,0
TRMB,8733,1990-07-20,2025-03-24,0,3,0
TRN,13084,1973-05-03,2025-03-24,207,8,0
TRNO,3803,2010-02-10,2025-03-24,56,0,0
TROW,9821,1986-04-02,2025-03-24,157,5,0
TRU,2451,2015-06-25,2025-03-24,28,0,0
TRV,12441,1975-11-17,2025-03-24,152,2,0
TSLA,3707,2010-06-29,2025-03-24,0,2,0
TSN,11348,1980-03-17,2025-03-24,146,3,0
TT,11348,1980-03-17,2025-03-24,167,6,0
TTAN,68,2024-12-12,2025-03-24,0,0,0
TTC,11348,1980-03-17,2025-03-24,151,5,0
TTD,2138,2016-09-21,2025-03-24,0,1,0
TTEK,8376,1991-12-17,2025-03-24,22,10,0
TTWO,7030,1997-04-15,2025-03-24,1,1,0
TW,1501,2019-04-04,2025-03-24,24,0,0
TWLO,2200,2016-06-23,2025-03-24,0,0,0
TWST,1606,2018-10-31,2025-03-24,0,0,0
TXN,13314,1972-06-01,2025-03-24,211,6,0
TXNM,13134,1973-02-21,2025-03-24,134,1,0
TXRH,5150,2004-10-05,2025-03-24,53,1,0
TXT,13134,1973-02-21,2025-03-24,165,3,0
TYL,11348,1980-03-17,2025-03-24,13,2,0
U,1133,2020-09-18,2025-03-24,0,0,0
UA,2264,2016-03-23,2025-03-24,0,1,0
UAA,4865,2005-11-18,2025-03-24,0,3,0
UAL,4813,2006-02-06,2025-03-24,1,0,0
UBER,1476,2019-05-10,2025-03-24,0,0,0
UBSI,9524,1987-06-04,2025-03-24,150,2,0
UCB,5790,2002-03-21,2025-03-24,70,7,0
UDR,11348,1980-03-17,2025-03-24,150,2,0
UE,2561,2015-01-16,2025-03-24,39,0,0
UFPI,7895,1993-11-10,2025-03-24,73,1,0
UGI,13134,1973-02-21,2025-03-24,155,4,0
UHAL,7646,1994-11-04,2025-03-24,26,1,0
UHS,11017,1981-07-09,2025-03-24,85,4,0
UI,3379,2011-10-14,2025-03-24,29,0,0
ULS,237,2024-04-12,2025-03-24,4,0,0
ULTA,4380,2007-10-25,2025-03-24,1,0,0
UMBF,11348,1980-03-17,2025-03-24,150,6,0
UNF,10379,1984-01-16,2025-03-24,154,2,0
UNH,10187,1984-10-17,2025-03-24,81,5,0
UNM,9668,1986-11-06,2025-03-24,156,2,0
UNMA,1700,2018-06-19,2025-03-24,25,0,0
UNP,11400,1980-01-02,2025-03-24,181,5,0
UPS,6380,1999-11-10,2025-03-24,102,0,0
UPST,1071,2020-12-16,2025-03-24,0,0,0
URBN,7896,1993-11-09,2025-03-24,0,4,0
URI,6857,1997-12-18,2025-03-24,9,0,0
USAC,3066,2013-01-15,2025-03-24,48,0,0
USB,13084,1973-05-03,2025-03-24,144,5,0
USFD,2219,2016-05-26,2025-03-24,0,0,0
USLM,11348,1980-03-17,2025-03-24,78,2,0
USM,9292,1988-05-04,2025-03-24,1,0,0
UTHR,6482,1999-06-17,2025-03-24,0,1,0
UWMC,1230,2020-05-01,2025-03-24,17,0,0
V,4281,2008-03-19,2025-03-24,67,1,0
VAL,978,2021-05-03,2025-03-24,0,0,0
VCIT,3856,2009-11-23,2025-03-24,182,0,0
VCSH,3856,2009-11-23,2025-03-24,182,0,0
VCTR,1790,2018-02-08,2025-03-24,23,0,0
VCYT,2866,2013-10-30,2025-03-24,0,0,0
VEA,4444,2007-07-26,2025-03-24,61,0,0
VEEV,2876,2013-10-16,2025-03-24,0,0,0
VERX,1169,2020-07-29,2025-03-24,0,0,0
VEU,4541,2007-03-08,2025-03-24,56,0,0
VFC,11348,1980-03-17,2025-03-24,155,6,0
VGIT,3856,2009-11-23,2025-03-24,182,0,0
VGT,5321,2004-01-30,2025-03-24,48,0,0
VIAV,7890,1993-11-17,2025-03-24,0,7,0
VICI,1816,2018-01-02,2025-03-24,29,0,0
VIG,4754,2006-05-02,2025-03-24,75,0,0
VIK,224,2024-05-01,2025-03-24,0,0,0
VIRT,2500,2015-04-16,2025-03-24,39,0,0
VKTX,2492,2015-04-28,2025-03-24,0,0,0
VLO,10894,1982-01-04,2025-03-24,156,3,0
VLTO,368,2023-10-04,2025-03-24,5,0,0
VLY,8815,1990-03-23,2025-03-24,140,21,0
VLYPN,124,2024-09-24,2025-03-24,2,0,0
VLYPO,1620,2018-10-11,2025-03-24,26,0,0
VLYPP,1620,2018-10-11,2025-03-24,26,0,0
VMC,13134,1973-02-21,2025-03-24,153,3,0
VMI,13134,1973-02-21,2025-03-24,151,4,0
VNO,11348,1980-03-17,2025-03-24,139,6,0
VNOM,2708,2014-06-18,2025-03-24,42,0,0
VNQ,5154,2004-09-29,2025-03-24,81,0,0
VNT,1129,2020-09-24,2025-03-24,16,0,0
VO,5321,2004-01-30,2025-03-24,58,0,0
VOO,3657,2010-09-09,2025-03-24,57,1,0
VOYA,2992,2013-05-02,2025-03-24,47,0,0
VRNS,2784,2014-02-28,2025-03-24,0,1,0
VRRM,2011,2017-03-24,2025-03-24,0,0,0
VRSK,3889,2009-10-07,2025-03-24,25,0,0
VRSN,6829,1998-01-30,2025-03-24,2,2,0
VRT,1669,2018-08-02,2025-03-24,9,0,0
VRTX,8478,1991-07-24,2025-03-24,0,1,0
VSEC,10690,1982-10-22,2025-03-24,153,5,0
VST,2128,2016-10-05,2025-03-24,26,0,0
VT,4212,2008-06-26,2025-03-24,55,0,0
VTEB,2409,2015-08-25,2025-03-24,114,0,0
VTI,5978,2001-06-15,2025-03-24,95,1,0
VTR,7016,1997-05-05,2025-03-24,101,1,0
VTRS,11348,1980-03-17,2025-03-24,92,4,0
VTV,5321,2004-01-30,2025-03-24,84,0,0
VTWO,3648,2010-09-22,2025-03-24,43,1,0
VUG,5321,2004-01-30,2025-03-24,84,0,0
VV,5321,2004-01-30,2025-03-24,84,0,0
VVV,2136,2016-09-23,2025-03-24,25,0,0
VWO,5042,2005-03-10,2025-03-24,58,1,0
VXUS,3559,2011-01-28,2025-03-24,52,0,0
VYM,4615,2006-11-16,2025-03-24,74,0,0
VZ,10416,1983-11-21,2025-03-24,163,6,0
W,2634,2014-10-02,2025-03-24,0,0,0
WAB,7492,1995-06-16,2025-03-24,118,1,0
WAFD,10678,1982-11-09,2025-03-24,160,13,0
WAL,4963,2005-07-01,2025-03-24,23,0,0
WAT,7384,1995-11-17,2025-03-24,0,2,0
WAY,198,2024-06-07,2025-03-24,0,0,0
WBA,11348,1980-03-17,2025-03-24,158,7,0
WBD,4959,2005-07-08,2025-03-24,0,1,0
WBS,9643,1986-12-12,2025-03-24,132,2,0
WCC,6507,1999-05-12,2025-03-24,9,0,0
WD,3589,2010-12-15,2025-03-24,29,0,0
WDAY,3128,2012-10-12,2025-03-24,0,0,0
WDC,11695,1978-10-31,2025-03-24,31,2,0
WDFC,13084,1973-05-03,2025-03-24,138,3,0
WEC,11348,1980-03-17,2025-03-24,155,4,0
WELL,11346,1980-03-19,2025-03-24,154,1,0
WEN,11313,1980-05-06,2025-03-24,79,0,0
WES,3090,2012-12-10,2025-03-24,48,0,0
WEX,5057,2005-02-16,2025-03-24,0,0,0
WFC,13314,1972-06-01,2025-03-24,213,6,0
WFRD,1060,2021-01-04,2025-03-24,3,0,0
WGS,1100,2020-11-04,2025-03-24,0,1,0
WH,1720,2018-05-21,2025-03-24,28,0,0
WHD,1790,2018-02-08,2025-03-24,22,0,0
WHR,13134,1973-02-21,2025-03-24,167,1,0
WING,2460,2015-06-12,2025-03-24,35,0,0
WK,2584,2014-12-12,2025-03-24,0,0,0
WLK,5187,2004-08-12,2025-03-24,82,1,0
WLY,13254,1972-06-02,2025-03-24,162,5,1
WLYB,10718,1982-09-14,2025-03-24,160,4,0
WM,9258,1988-06-22,2025-03-24,92,0,0
WMB,10895,1981-12-31,2025-03-24,174,5,0
WMG,1208,2020-06-03,2025-03-24,19,0,0
WMK,11348,1980-03-17,2025-03-24,155,4,0
WMS,2682,2014-07-25,2025-03-24,42,0,0
WMT,13254,1972-08-25,2025-03-24,203,10,0
WOR,11348,1980-03-17,2025-03-24,153,6,0
WPC,6836,1998-01-21,2025-03-24,108,1,0
WRB,12964,1973-10-23,2025-03-24,160,10,0
WSC,2358,2015-11-05,2025-03-24,1,0,0
WSFS,9654,1986-11-26,2025-03-24,116,1,0
WSM,10512,1983-07-07,2025-03-24,76,8,0
WSO,10279,1984-06-07,2025-03-24,132,4,0
WST,11348,1980-03-17,2025-03-24,153,4,0
WTFC,6777,1998-04-16,2025-03-24,73,1,0
WTM,9931,1985-10-23,2025-03-24,75,0,0
WTRG,11348,1980-03-17,2025-03-24,153,9,0
WTS,9722,1986-08-21,2025-03-24,139,1,0
WTW,5981,2001-06-12,2025-03-24,88,1,0
WU,4648,2006-10-02,2025-03-24,65,0,0
WWD,7796,1994-04-04,2025-03-24,121,3,0
WY,13084,1973-05-03,2025-03-24,195,2,0
WYNN,5638,2002-10-25,2025-03-24,52,0,0
X,8549,1991-04-12,2025-03-24,135,0,0
XEL,13134,1973-02-21,2025-03-24,161,2,0
XLE,6603,1998-12-22,2025-03-24,106,0,0
XLF,6603,1998-12-22,2025-03-24,105,1,0
XLK,6603,1998-12-22,2025-03-24,79,0,0
XLV,6603,1998-12-22,2025-03-24,100,0,0
XOM,13926,1970-01-02,2025-03-24,222,5,0
XPO,5400,2003-10-07,2025-03-24,0,3,0
XRAY,9476,1987-08-12,2025-03-24,122,4,0
XYL,3380,2011-10-13,2025-03-24,54,0,0
XYZ,2348,2015-11-19,2025-03-24,0,0,0
YELP,3284,2012-03-02,2025-03-24,0,0,0
YETI,1610,2018-10-25,2025-03-24,0,0,0
YOU,937,2021-06-30,2025-03-24,10,0,0
YUM,6922,1997-09-17,2025-03-24,83,3,0
YUMC,2120,2016-10-17,2025-03-24,26,0,0
Z,2425,2015-08-03,2025-03-24,0,0,0
ZBH,5951,2001-07-25,2025-03-24,52,1,0
ZBRA,8462,1991-08-15,2025-03-24,0,3,0
ZETA,951,2021-06-10,2025-03-24,0,0,0
ZG,3440,2011-07-20,2025-03-24,0,1,0
ZI,1207,2020-06-04,2025-03-24,0,0,0
ZION,11348,1980-03-17,2025-03-24,153,3,0
ZIONP,4583,2007-01-05,2025-03-24,70,0,0
ZM,1491,2019-04-18,2025-03-24,0,0,0
ZS,1765,2018-03-16,2025-03-24,0,0,0
ZTS,3054,2013-02-01,2025-03-24,48,0,0
ZWS,3265,2012-03-29,2025-03-24,17,0,0
