date,spReturn,bondReturn,cashReturn,cpi
1871-01,0.01839339,0.00420000,0.00110833,12.4641
1871-02,0.02925926,0.00420278,0.00110903,12.8446
1871-03,0.03289949,0.00420556,0.00110972,13.0350
1871-04,0.02988748,0.00420833,0.00111042,12.5592
1871-05,-0.00377229,0.00421111,0.00111111,12.2738
1871-06,-0.01417704,0.00421389,0.00111181,12.0835
1871-07,0.01726568,0.00421667,0.00111250,12.0835
1871-08,0.01496173,0.00421944,0.00111319,11.8932
1871-09,-0.04717631,0.00422222,0.00111389,12.1786
1871-10,0.01561365,0.00422500,0.00111458,12.3689
1871-11,0.02622126,0.00422778,0.00111528,12.3689
1871-12,0.02988748,0.00423056,0.00111597,12.6544
1872-01,0.00862997,0.00318333,0.00111667,12.6544
1872-02,0.03734119,0.00319861,0.00112049,12.6544
1872-03,0.03224206,0.00321389,0.00112431,12.8446
1872-04,0.00439672,0.00322917,0.00112813,13.1301
1872-05,-0.00520109,0.00324444,0.00113194,13.1301
1872-06,-0.00129955,0.00325972,0.00113576,13.0350
1872-07,-0.00713562,0.00327500,0.00113958,12.8446
1872-08,-0.01311673,0.00329028,0.00114340,12.9398
1872-09,0.00892256,0.00330556,0.00114722,13.0350
1872-10,0.00089370,0.00332083,0.00115104,12.7495
1872-11,0.02923737,0.00333611,0.00115486,13.1301
1872-12,0.01282051,0.00335139,0.00115868,12.9398
1873-01,0.01276093,0.00529167,0.00116250,12.9398
1873-02,-0.00283172,0.00528403,0.00116059,13.2252
1873-03,-0.00868395,0.00527639,0.00115868,13.2252
1873-04,0.00710979,0.00526875,0.00115677,13.2252
1873-05,-0.00870462,0.00526111,0.00115486,12.9398
1873-06,0.00326305,0.00525347,0.00115295,12.5592
1873-07,0.00532361,0.00524583,0.00115104,12.5592
1873-08,-0.07109323,0.00523819,0.00114913,12.5592
1873-09,-0.08129085,0.00523056,0.00114722,12.5592
1873-10,-0.02933572,0.00522292,0.00114531,12.2738
1873-11,0.10081477,0.00521528,0.00114340,11.8932
1873-12,0.06052036,0.00520764,0.00114149,12.1786
1874-01,0.03594421,0.00689167,0.00113958,12.3689
1874-02,-0.00885417,0.00686389,0.00113264,12.3689
1874-03,-0.02167019,0.00683611,0.00112569,12.3689
1874-04,-0.02010870,0.00680833,0.00111875,12.1786
1874-05,0.00167411,0.00678056,0.00111181,12.0835
1874-06,0.00616592,0.00675278,0.00110486,11.7981
1874-07,0.00840807,0.00672500,0.00109792,11.8932
1874-08,0.02181208,0.00669722,0.00109097,11.7981
1874-09,0.00385463,0.00666944,0.00108403,11.7981
1874-10,0.01490066,0.00664167,0.00107708,11.6077
1874-11,-0.00054705,0.00661389,0.00107014,11.5127
1874-12,0.00605727,0.00658611,0.00106319,11.5127
1875-01,0.00380874,0.00702500,0.00105625,11.5127
1875-02,0.01922369,0.00699167,0.00104792,11.5127
1875-03,0.01892702,0.00695833,0.00103958,11.5127
1875-04,-0.03297491,0.00692500,0.00103125,11.6077
1875-05,-0.01421514,0.00689167,0.00102292,11.3223
1875-06,0.00827626,0.00685833,0.00101458,11.1321
1875-07,0.01048785,0.00682500,0.00100625,11.1321
1875-08,-0.00321240,0.00679167,0.00099792,11.2272
1875-09,-0.01015446,0.00675833,0.00098958,11.1321
1875-10,0.02218992,0.00672500,0.00098125,11.1321
1875-11,0.00576850,0.00669167,0.00097292,11.0369
1875-12,0.02631579,0.00665833,0.00096458,10.9417
1876-01,0.01905830,0.00464167,0.00095625,10.8466
1876-02,0.00331858,0.00463194,0.00095382,10.8466
1876-03,-0.03215078,0.00462222,0.00095139,10.8466
1876-04,-0.03110599,0.00461250,0.00094896,10.7515
1876-05,-0.00119617,0.00460278,0.00094653,10.3709
1876-06,-0.00602410,0.00459306,0.00094410,10.0854
1876-07,-0.03536585,0.00458333,0.00094167,10.0854
1876-08,-0.05470738,0.00457361,0.00093924,10.1806
1876-09,0.00135501,0.00456389,0.00093681,10.2757
1876-10,-0.01226158,0.00455417,0.00093437,10.4660
1876-11,0.00138889,0.00454444,0.00093194,10.5612
1876-12,-0.00139665,0.00453472,0.00092951,10.7515
1877-01,-0.05232864,0.00435000,0.00092708,10.9417
1877-02,-0.04386976,0.00434236,0.00092517,10.6563
1877-03,-0.06539169,0.00433472,0.00092326,10.1806
1877-04,0.00746315,0.00432708,0.00092135,10.4660
1877-05,-0.06422336,0.00431944,0.00091944,10.6563
1877-06,0.05143468,0.00431181,0.00091753,10.0854
1877-07,0.07707018,0.00430417,0.00091562,10.1806
1877-08,0.06848907,0.00429653,0.00091372,9.8000
1877-09,0.02719907,0.00428889,0.00091181,9.7048
1877-10,-0.00986153,0.00428125,0.00090990,9.7048
1877-11,0.00202454,0.00427361,0.00090799,9.5146
1877-12,0.00487179,0.00426597,0.00090608,9.5146
1878-01,-0.01668718,0.00431667,0.00090417,9.2291
1878-02,0.02380241,0.00430833,0.00090208,9.1340
1878-03,0.03260031,0.00430000,0.00090000,8.9437
1878-04,0.00767518,0.00429167,0.00089792,8.8485
1878-05,0.02559381,0.00428333,0.00089583,8.5631
1878-06,0.02504888,0.00427500,0.00089375,8.3728
1878-07,-0.00420977,0.00426667,0.00089167,8.4679
1878-08,0.02471739,0.00425833,0.00088958,8.5631
1878-09,-0.00704309,0.00425000,0.00088750,8.5631
1878-10,0.00147749,0.00424167,0.00088542,8.4679
1878-11,-0.00142171,0.00423333,0.00088333,8.3728
1878-12,0.04202899,0.00422500,0.00088125,8.1825
1879-01,0.04054236,0.00468333,0.00087917,8.2777
1879-02,-0.01205526,0.00466944,0.00087569,8.3728
1879-03,0.03710046,0.00465556,0.00087222,8.2777
1879-04,0.04921972,0.00464167,0.00086875,8.1825
1879-05,0.00905880,0.00462778,0.00086528,8.1825
1879-06,0.02420034,0.00461389,0.00086181,8.0874
1879-07,0.01137995,0.00460000,0.00085833,8.1825
1879-08,0.04081286,0.00458611,0.00085486,8.1825
1879-09,0.11285545,0.00457222,0.00085139,8.4679
1879-10,0.05692130,0.00455833,0.00084792,8.9437
1879-11,0.00132353,0.00454444,0.00084444,9.4194
1879-12,0.04200542,0.00453056,0.00084097,9.7048
1880-01,0.02095564,0.00521667,0.00083750,9.9903
1880-02,0.02259615,0.00519444,0.00083194,9.9903
1880-03,-0.01926101,0.00517222,0.00082639,10.0854
1880-04,-0.07561133,0.00515000,0.00082083,9.7048
1880-05,0.00812369,0.00512778,0.00081528,9.4194
1880-06,0.04993041,0.00510556,0.00080972,9.2291
1880-07,0.03983699,0.00508333,0.00080417,9.2291
1880-08,0.00192678,0.00506111,0.00079861,9.2291
1880-09,0.03289897,0.00503889,0.00079306,9.3243
1880-10,0.05644153,0.00501667,0.00078750,9.3243
1880-11,0.04478610,0.00499444,0.00078194,9.4194
1880-12,0.06364155,0.00497222,0.00077639,9.5146
1881-01,0.00033656,0.00355000,0.00077083,9.4194
1881-02,0.01499190,0.00354444,0.00076944,9.5146
1881-03,0.00046741,0.00353889,0.00076806,9.5146
1881-04,0.04876742,0.00353333,0.00076667,9.6097
1881-05,0.01596154,0.00352778,0.00076528,9.5146
1881-06,-0.03128166,0.00352222,0.00076389,9.5146
1881-07,-0.01975066,0.00351667,0.00076250,9.6097
1881-08,0.01209677,0.00351111,0.00076111,9.8000
1881-09,-0.01193333,0.00350556,0.00075972,10.1806
1881-10,0.01070461,0.00350000,0.00075833,10.2757
1881-11,-0.02483845,0.00349444,0.00075694,10.1806
1881-12,-0.01053799,0.00348889,0.00075556,10.1806
1882-01,-0.01745495,0.00295833,0.00075417,10.1806
1882-02,0.00287853,0.00295903,0.00075434,10.2757
1882-03,0.00461361,0.00295972,0.00075451,10.2757
1882-04,-0.00749712,0.00296042,0.00075469,10.3709
1882-05,-0.00058377,0.00296111,0.00075486,10.4660
1882-06,0.06103286,0.00296181,0.00075503,10.5612
1882-07,0.03444444,0.00296250,0.00075521,10.4660
1882-08,0.01402373,0.00296319,0.00075538,10.5612
1882-09,-0.02297009,0.00296389,0.00075556,10.2757
1882-10,-0.03844042,0.00296458,0.00075573,10.1806
1882-11,0.00975330,0.00296528,0.00075590,10.0854
1882-12,-0.00057078,0.00296597,0.00075608,9.9903
1883-01,-0.01777395,0.00308333,0.00075625,9.9903
1883-02,0.01704372,0.00308264,0.00075608,10.0854
1883-03,0.02554348,0.00308194,0.00075590,9.9903
1883-04,-0.01244605,0.00308125,0.00075573,9.8952
1883-05,0.01334778,0.00308056,0.00075556,9.8000
1883-06,-0.01081042,0.00307986,0.00075538,9.5146
1883-07,-0.04063700,0.00307917,0.00075521,9.3243
1883-08,0.01594607,0.00307847,0.00075503,9.3243
1883-09,-0.02218957,0.00307778,0.00075486,9.2291
1883-10,0.01995508,0.00307708,0.00075469,9.2291
1883-11,-0.01695360,0.00307639,0.00075451,9.1340
1883-12,-0.02481273,0.00307569,0.00075434,9.2291
1884-01,0.03230856,0.00360000,0.00075417,9.2291
1884-02,0.00135808,0.00359306,0.00075243,9.2291
1884-03,-0.04017296,0.00358611,0.00075069,9.2291
1884-04,-0.07570323,0.00357917,0.00074896,9.0388
1884-05,-0.03509498,0.00357222,0.00074722,8.8485
1884-06,0.00597907,0.00356528,0.00074549,8.8485
1884-07,0.06872758,0.00355833,0.00074375,8.7534
1884-08,-0.02607771,0.00355139,0.00074201,8.7534
1884-09,-0.02696078,0.00354444,0.00074028,8.6583
1884-10,-0.01439002,0.00353750,0.00073854,8.5631
1884-11,0.00367241,0.00353056,0.00073681,8.3728
1884-12,-0.01708909,0.00352361,0.00073507,8.2777
1885-01,0.03663915,0.00380833,0.00073333,8.2777
1885-02,0.00797674,0.00379792,0.00073073,8.3728
1885-03,0.00328196,0.00378750,0.00072813,8.1825
1885-04,-0.00597445,0.00377708,0.00072552,8.2777
1885-05,0.00078704,0.00376667,0.00072292,8.0874
1885-06,0.04253876,0.00375625,0.00072031,7.8971
1885-07,0.06108371,0.00374583,0.00071771,7.9922
1885-08,-0.00808033,0.00373542,0.00071510,7.9922
1885-09,0.06267921,0.00372500,0.00071250,7.8971
1885-10,0.06930386,0.00371458,0.00070990,7.8971
1885-11,-0.00372455,0.00370417,0.00070729,7.9922
1885-12,0.00384615,0.00369375,0.00070469,8.1825
1886-01,0.02304968,0.00193333,0.00070208,7.9922
1886-02,-0.01703302,0.00194375,0.00070469,7.9922
1886-03,-0.00971419,0.00195417,0.00070729,7.8971
1886-04,-0.01573405,0.00196458,0.00070990,7.8019
1886-05,0.04966301,0.00197500,0.00071250,7.6117
1886-06,0.01888889,0.00198542,0.00071510,7.5165
1886-07,0.01107411,0.00199583,0.00071771,7.6117
1886-08,0.02958876,0.00200625,0.00072031,7.7068
1886-09,0.02881125,0.00201667,0.00072292,7.7068
1886-10,0.02807227,0.00202708,0.00072552,7.7068
1886-11,-0.02271589,0.00203750,0.00072813,7.7068
1886-12,-0.00738771,0.00204792,0.00073073,7.8019
1887-01,-0.00384558,0.00205833,0.00073333,7.9922
1887-02,0.02685018,0.00206875,0.00073594,8.0874
1887-03,0.02627131,0.00207917,0.00073854,8.0874
1887-04,0.02054598,0.00208958,0.00074115,8.0874
1887-05,-0.02552966,0.00210000,0.00074375,8.0874
1887-06,-0.02101513,0.00211042,0.00074635,7.9922
1887-07,-0.02150417,0.00212083,0.00074896,7.8971
1887-08,-0.00917431,0.00213125,0.00075156,7.9922
1887-09,-0.02970105,0.00214167,0.00075417,7.8971
1887-10,0.02315705,0.00215208,0.00075677,7.9922
1887-11,-0.00176887,0.00216250,0.00075938,8.0874
1887-12,0.01154333,0.00217292,0.00076198,8.2777
1888-01,-0.00175298,0.00434167,0.00076458,8.3728
1888-02,-0.03398516,0.00432639,0.00076076,8.2777
1888-03,0.00795604,0.00431111,0.00075694,8.2777
1888-04,0.01770098,0.00429583,0.00075312,8.1825
1888-05,-0.02705190,0.00428056,0.00074931,8.0874
1888-06,0.02994012,0.00426528,0.00074549,7.9922
1888-07,0.02526427,0.00425000,0.00074167,8.0874
1888-08,0.02851905,0.00423472,0.00073785,8.0874
1888-09,-0.00193618,0.00421944,0.00073403,8.0874
1888-10,-0.01692679,0.00420417,0.00073021,8.1825
1888-11,-0.01539917,0.00418889,0.00072639,8.2777
1888-12,0.02318418,0.00417361,0.00072257,8.2777
1889-01,0.01509542,0.00305000,0.00071875,7.9922
1889-02,-0.01716509,0.00304792,0.00071823,7.8971
1889-03,0.00172608,0.00304583,0.00071771,7.8019
1889-04,0.03067407,0.00304375,0.00071719,7.8019
1889-05,0.02045426,0.00304167,0.00071667,7.6117
1889-06,-0.01686691,0.00303958,0.00071615,7.6117
1889-07,0.01673270,0.00303750,0.00071563,7.6117
1889-08,0.02767381,0.00303542,0.00071510,7.6117
1889-09,-0.01481061,0.00303333,0.00071458,7.7068
1889-10,-0.00583796,0.00303125,0.00071406,7.7068
1889-11,-0.00216822,0.00302917,0.00071354,7.7068
1889-12,0.01472431,0.00302708,0.00071302,7.8019
1890-01,-0.00774473,0.00168333,0.00071250,7.6117
1890-02,-0.00407268,0.00169722,0.00071597,7.6117
1890-03,0.02430556,0.00171111,0.00071944,7.6117
1890-04,0.04607297,0.00172500,0.00072292,7.6117
1890-05,-0.00385528,0.00173889,0.00072639,7.7068
1890-06,-0.00388292,0.00175278,0.00072986,7.7068
1890-07,-0.02015644,0.00176667,0.00073333,7.7068
1890-08,-0.01324707,0.00178056,0.00073681,7.9922
1890-09,-0.04166667,0.00179444,0.00074028,8.0874
1890-10,-0.06922572,0.00180833,0.00074375,8.0874
1890-11,-0.01946214,0.00182222,0.00074722,7.8971
1890-12,0.05615942,0.00183611,0.00075069,7.8971
1891-01,0.01618457,0.00313333,0.00075417,7.8019
1891-02,-0.01462585,0.00313194,0.00075382,7.8971
1891-03,0.03707554,0.00313056,0.00075347,7.9922
1891-04,-0.00033535,0.00312917,0.00075312,8.0874
1891-05,-0.01649832,0.00312778,0.00075278,7.9922
1891-06,-0.01271478,0.00312639,0.00075243,7.8019
1891-07,0.03738644,0.00312500,0.00075208,7.7068
1891-08,0.08485463,0.00312361,0.00075174,7.7068
1891-09,0.00343965,0.00312222,0.00075139,7.6117
1891-10,-0.01156973,0.00312083,0.00075104,7.6117
1891-11,0.03396825,0.00311944,0.00075069,7.5165
1891-12,0.02187307,0.00311806,0.00075035,7.5165
1892-01,0.00516788,0.00212500,0.00075000,7.3262
1892-02,0.01424064,0.00213542,0.00075260,7.3262
1892-03,0.00156810,0.00214583,0.00075521,7.1359
1892-04,0.00339168,0.00215625,0.00075781,7.0408
1892-05,-0.00197038,0.00216667,0.00076042,7.0408
1892-06,0.00345969,0.00217708,0.00076302,7.0408
1892-07,0.01792569,0.00218750,0.00076562,7.2311
1892-08,-0.02145166,0.00219792,0.00076823,7.3262
1892-09,0.02364659,0.00220833,0.00077083,7.3262
1892-10,-0.00004919,0.00221875,0.00077344,7.3262
1892-11,-0.00720676,0.00222917,0.00077604,7.5165
1892-12,0.02177858,0.00223958,0.00077865,7.6117
1893-01,-0.01424837,0.00341667,0.00078125,7.8971
1893-02,-0.03264217,0.00341319,0.00078038,7.9922
1893-03,0.00380571,0.00340972,0.00077951,7.8019
1893-04,-0.08469397,0.00340625,0.00077865,7.7068
1893-05,-0.04331612,0.00340278,0.00077778,7.6117
1893-06,-0.08884671,0.00339931,0.00077691,7.4214
1893-07,-0.01902313,0.00339583,0.00077604,7.2311
1893-08,0.07611724,0.00339236,0.00077517,6.9456
1893-09,0.03446796,0.00338889,0.00077431,7.2311
1893-10,0.02015370,0.00338542,0.00077344,7.3262
1893-11,-0.03046681,0.00338194,0.00077257,7.1359
1893-12,-0.01568405,0.00337847,0.00077170,7.0408
1894-01,0.01864776,0.00448333,0.00077083,6.8505
1894-02,0.03430936,0.00446667,0.00076667,6.7553
1894-03,0.01773836,0.00445000,0.00076250,6.5651
1894-04,-0.03288293,0.00443333,0.00075833,6.5651
1894-05,-0.00921780,0.00441667,0.00075417,6.5651
1894-06,-0.01632104,0.00440000,0.00075000,6.5651
1894-07,0.04209216,0.00438333,0.00074583,6.5651
1894-08,0.02009259,0.00436667,0.00074167,6.7553
1894-09,-0.02715774,0.00435000,0.00073750,6.8505
1894-10,0.00416091,0.00433333,0.00073333,6.6602
1894-11,-0.00512097,0.00431667,0.00072917,6.6602
1894-12,-0.00755814,0.00430000,0.00072500,6.5651
1895-01,-0.01003333,0.00206667,0.00072083,6.5651
1895-02,0.00411098,0.00207639,0.00072326,6.5651
1895-03,0.04703660,0.00208611,0.00072569,6.5651
1895-04,0.05879672,0.00209583,0.00072813,6.8505
1895-05,0.02316884,0.00210556,0.00073056,6.9456
1895-06,0.00780142,0.00211528,0.00073299,7.0408
1895-07,0.01833157,0.00212500,0.00073542,6.9456
1895-08,0.00968511,0.00213472,0.00073785,6.8505
1895-09,-0.01115145,0.00214444,0.00074028,6.8505
1895-10,-0.03029298,0.00215417,0.00074271,6.8505
1895-11,-0.05534314,0.00216389,0.00074514,6.8505
1895-12,-0.00790895,0.00217361,0.00074757,6.7553
1896-01,0.04584699,0.00416667,0.00075000,6.6602
1896-02,-0.01220412,0.00415278,0.00074653,6.5651
1896-03,0.01269977,0.00413889,0.00074306,6.5651
1896-04,-0.00100490,0.00412500,0.00073958,6.4699
1896-05,-0.01466288,0.00411111,0.00073611,6.3748
1896-06,-0.06124614,0.00409722,0.00073264,6.2796
1896-07,-0.05313119,0.00408333,0.00072917,6.2796
1896-08,0.05650262,0.00406944,0.00072569,6.2796
1896-09,0.02623649,0.00405556,0.00072222,6.2796
1896-10,0.07198577,0.00404167,0.00071875,6.4699
1896-11,-0.03308980,0.00402778,0.00071528,6.6602
1896-12,0.00355450,0.00401389,0.00071181,6.6602
1897-01,-0.00592417,0.00312500,0.00070833,6.4699
1897-02,0.00598086,0.00312153,0.00070747,6.4699
1897-03,-0.02744630,0.00311806,0.00070660,6.4699
1897-04,0.00862069,0.00311458,0.00070573,6.3748
1897-05,0.05024510,0.00311111,0.00070486,6.2796
1897-06,0.04800937,0.00310764,0.00070399,6.2796
1897-07,0.06838565,0.00310417,0.00070313,6.2796
1897-08,0.05157895,0.00310069,0.00070226,6.5651
1897-09,-0.02911647,0.00309722,0.00070139,6.7553
1897-10,-0.03215768,0.00309375,0.00070052,6.6602
1897-11,0.02473118,0.00309028,0.00069965,6.6602
1897-12,0.03052632,0.00308681,0.00069878,6.6602
1898-01,0.00105362,0.00425000,0.00069792,6.6602
1898-02,-0.04203799,0.00423264,0.00069358,6.7553
1898-03,-0.01388889,0.00421528,0.00068924,6.7553
1898-04,0.06904996,0.00419792,0.00068490,6.7553
1898-05,0.04223648,0.00418056,0.00068056,7.2311
1898-06,0.00708169,0.00416319,0.00067622,6.7553
1898-07,0.04054626,0.00414583,0.00067188,6.6602
1898-08,0.00115908,0.00412847,0.00066753,6.6602
1898-09,-0.01782319,0.00411111,0.00066319,6.6602
1898-10,0.03619256,0.00409375,0.00065885,6.6602
1898-11,0.06513628,0.00407639,0.00065451,6.6602
1898-12,0.07905605,0.00405903,0.00065017,6.7553
1899-01,0.04058114,0.00229167,0.00064583,6.7553
1899-02,0.01692684,0.00229514,0.00064670,6.9456
1899-03,0.01513672,0.00229861,0.00064757,6.9456
1899-04,-0.03905221,0.00230208,0.00064844,7.0408
1899-05,-0.01980408,0.00230556,0.00064931,7.0408
1899-06,0.03741076,0.00230903,0.00065017,7.1359
1899-07,0.02820860,0.00231250,0.00065104,7.2311
1899-08,-0.00819488,0.00231597,0.00065191,7.3262
1899-09,-0.00199503,0.00231944,0.00065278,7.6117
1899-10,0.02166535,0.00232292,0.00065365,7.7068
1899-11,-0.06541280,0.00232639,0.00065451,7.8019
1899-12,0.01619601,0.00232986,0.00065538,7.8971
1900-01,0.02100410,0.00291667,0.00065625,7.8971
1900-02,0.01107085,0.00291319,0.00065538,7.9922
1900-03,0.01587460,0.00290972,0.00065451,7.9922
1900-04,-0.04416404,0.00290625,0.00065365,7.9922
1900-05,-0.02638659,0.00290278,0.00065278,7.8019
1900-06,0.00362628,0.00289931,0.00065191,7.7068
1900-07,0.01738481,0.00289583,0.00065104,7.8019
1900-08,-0.01978114,0.00289236,0.00065017,7.7068
1900-09,0.04019397,0.00288889,0.00064931,7.8019
1900-10,0.08215474,0.00288542,0.00064844,7.7068
1900-11,0.06394676,0.00288194,0.00064757,7.7068
1900-12,0.03275109,0.00287847,0.00064670,7.6117
1901-01,0.02901579,0.00211667,0.00064583,7.7068
1901-02,0.03934828,0.00212222,0.00064722,7.6117
1901-03,0.08727253,0.00212778,0.00064861,7.6117
1901-04,-0.04722871,0.00213333,0.00065000,7.5165
1901-05,0.10293553,0.00213889,0.00065139,7.5165
1901-06,-0.06401961,0.00214444,0.00065278,7.5165
1901-07,0.01714691,0.00215000,0.00065417,7.6117
1901-08,-0.00172782,0.00215556,0.00065556,7.7068
1901-09,-0.00796875,0.00216111,0.00065694,7.8019
1901-10,0.02482828,0.00216667,0.00065833,7.8019
1901-11,-0.01280631,0.00217222,0.00065972,7.8971
1901-12,0.02473795,0.00217778,0.00066111,7.9922
1902-01,0.01191297,0.00195000,0.00066250,7.8971
1902-02,0.00449430,0.00195833,0.00066458,7.8971
1902-03,0.03742378,0.00196667,0.00066667,7.8971
1902-04,0.00081859,0.00197500,0.00066875,7.9922
1902-05,-0.00271671,0.00198333,0.00067083,8.0874
1902-06,0.02581252,0.00199167,0.00067292,8.1825
1902-07,0.02990116,0.00200000,0.00067500,8.1825
1902-08,0.00534824,0.00200833,0.00067708,8.0874
1902-09,-0.02855461,0.00201667,0.00067917,8.1825
1902-10,-0.03531408,0.00202500,0.00068125,8.7534
1902-11,-0.01972896,0.00203333,0.00068333,8.4679
1902-12,0.05434783,0.00204167,0.00068542,8.5631
1903-01,-0.00264283,0.00216667,0.00068750,8.6583
1903-02,-0.03593639,0.00217361,0.00068924,8.6583
1903-03,-0.03738655,0.00218056,0.00069097,8.3728
1903-04,-0.01573441,0.00218750,0.00069271,8.3728
1903-05,-0.05155373,0.00219444,0.00069444,8.1825
1903-06,-0.04201486,0.00220139,0.00069618,8.1825
1903-07,-0.02795985,0.00220833,0.00069792,8.1825
1903-08,-0.01981775,0.00221528,0.00069965,8.1825
1903-09,-0.02801391,0.00222222,0.00070139,8.2777
1903-10,0.00781017,0.00222917,0.00070312,8.1825
1903-11,0.05080016,0.00223611,0.00070486,8.0874
1903-12,0.02118214,0.00224306,0.00070660,8.0874
1904-01,-0.02262101,0.00236667,0.00070833,8.2777
1904-02,0.00132436,0.00237222,0.00070972,8.4679
1904-03,0.02906379,0.00237778,0.00071111,8.3728
1904-04,-0.01685868,0.00238333,0.00071250,8.2777
1904-05,0.00581154,0.00238889,0.00071389,8.0874
1904-06,0.04569892,0.00239444,0.00071528,8.0874
1904-07,0.03793879,0.00240000,0.00071667,8.0874
1904-08,0.04806586,0.00240556,0.00071806,8.1825
1904-09,0.06238616,0.00241111,0.00071944,8.2777
1904-10,0.05759892,0.00241667,0.00072083,8.2777
1904-11,0.01298756,0.00242222,0.00072222,8.4679
1904-12,0.02494949,0.00242778,0.00072361,8.4679
1905-01,0.04697212,0.00319167,0.00072500,8.4679
1905-02,0.03137595,0.00318819,0.00072413,8.4679
1905-03,-0.00925414,0.00318472,0.00072326,8.3728
1905-04,-0.04626491,0.00318125,0.00072240,8.3728
1905-05,0.01488529,0.00317778,0.00072153,8.2777
1905-06,0.03449612,0.00317431,0.00072066,8.2777
1905-07,0.04022642,0.00317083,0.00071979,8.2777
1905-08,0.00618931,0.00316736,0.00071892,8.3728
1905-09,0.01701878,0.00316389,0.00071806,8.2777
1905-10,-0.00243323,0.00316042,0.00071719,8.2777
1905-11,0.02764322,0.00315694,0.00071632,8.3728
1905-12,0.03747379,0.00315347,0.00071545,8.4679
1906-01,-0.00425701,0.00145833,0.00071458,8.4679
1906-02,-0.02158418,0.00147500,0.00071875,8.4679
1906-03,-0.01056921,0.00149167,0.00072292,8.4679
1906-04,-0.02338901,0.00150833,0.00072708,8.4679
1906-05,0.01633261,0.00152500,0.00073125,8.5631
1906-06,-0.02253584,0.00154167,0.00073542,8.5631
1906-07,0.07736203,0.00155833,0.00073958,8.2777
1906-08,0.03405875,0.00157500,0.00074375,8.4679
1906-09,-0.02673230,0.00159167,0.00074792,8.5631
1906-10,0.02388061,0.00160833,0.00075208,8.7534
1906-11,-0.00575529,0.00162500,0.00075625,8.8485
1906-12,-0.02506775,0.00164167,0.00076042,8.9437
1907-01,-0.02786524,0.00189167,0.00076458,8.8485
1907-02,-0.09461213,0.00190556,0.00076806,9.0388
1907-03,0.00888224,0.00191944,0.00077153,8.9437
1907-04,-0.03045987,0.00193333,0.00077500,8.9437
1907-05,-0.02781173,0.00194722,0.00077847,9.1340
1907-06,0.04272959,0.00196111,0.00078194,9.2291
1907-07,-0.07060504,0.00197500,0.00078542,9.2291
1907-08,-0.00590195,0.00198889,0.00078889,9.2291
1907-09,-0.10391499,0.00200278,0.00079236,9.2291
1907-10,-0.05329694,0.00201667,0.00079583,9.3243
1907-11,0.05702267,0.00203056,0.00079931,8.9437
1907-12,0.04819888,0.00204444,0.00080278,8.7534
1908-01,-0.03118370,0.00386667,0.00080625,8.6583
1908-02,0.04638005,0.00385903,0.00080434,8.5631
1908-03,0.05907327,0.00385139,0.00080243,8.5631
1908-04,0.05877878,0.00384375,0.00080052,8.6583
1908-05,0.00593381,0.00383611,0.00079861,8.6583
1908-06,0.04123037,0.00382847,0.00079670,8.6583
1908-07,0.04731376,0.00382083,0.00079479,8.7534
1908-08,-0.00672619,0.00381319,0.00079288,8.7534
1908-09,0.01642187,0.00380556,0.00079097,8.7534
1908-10,0.07181278,0.00379792,0.00078906,8.8485
1908-11,0.02645621,0.00379028,0.00078715,8.9437
1908-12,0.00701366,0.00378264,0.00078524,9.0388
1909-01,-0.02498804,0.00225833,0.00078333,8.9437
1909-02,0.01748769,0.00226875,0.00078594,9.0388
1909-03,0.04867339,0.00227917,0.00078854,9.0388
1909-04,0.03695726,0.00228958,0.00079115,9.2291
1909-05,0.02125909,0.00230000,0.00079375,9.3243
1909-06,0.01785714,0.00231042,0.00079635,9.4194
1909-07,0.02769366,0.00232083,0.00079896,9.4194
1909-08,0.00447528,0.00233125,0.00080156,9.5146
1909-09,0.00744194,0.00234167,0.00080417,9.6097
1909-10,-0.00135793,0.00235208,0.00080677,9.8000
1909-11,0.01536264,0.00236250,0.00080937,9.8952
1909-12,-0.01779935,0.00237292,0.00081198,9.9903
1910-01,-0.03205605,0.00285000,0.00081458,9.8952
1910-02,0.02850652,0.00285486,0.00081580,9.8952
1910-03,-0.02035224,0.00285972,0.00081701,10.0854
1910-04,-0.01260288,0.00286458,0.00081823,10.1806
1910-05,-0.04417277,0.00286944,0.00081944,9.9903
1910-06,-0.04638278,0.00287431,0.00082066,9.8952
1910-07,0.02871817,0.00287917,0.00082188,9.8952
1910-08,0.01111111,0.00288403,0.00082309,9.8000
1910-09,0.05034138,0.00288889,0.00082431,9.7048
1910-10,0.00308476,0.00289375,0.00082552,9.4194
1910-11,-0.02374239,0.00289861,0.00082674,9.2291
1910-12,0.02863720,0.00290347,0.00082795,9.2291
1911-01,0.02148508,0.00314167,0.00082917,9.2291
1911-02,-0.00751149,0.00314375,0.00082969,8.9437
1911-03,-0.00008941,0.00314583,0.00083021,9.0388
1911-04,0.02577227,0.00314792,0.00083073,8.7534
1911-05,0.02417370,0.00315000,0.00083125,8.7534
1911-06,-0.00008618,0.00315208,0.00083177,8.7534
1911-07,-0.04370024,0.00315417,0.00083229,8.8485
1911-08,-0.05025445,0.00315625,0.00083281,9.1340
1911-09,0.01028451,0.00315833,0.00083333,9.2291
1911-10,0.04462920,0.00316042,0.00083385,9.2291
1911-11,0.00872841,0.00316250,0.00083438,9.1340
1911-12,0.00539700,0.00316458,0.00083490,9.0388
1912-01,-0.00447003,0.00077500,0.00083542,9.1340
1912-02,0.03310933,0.00080556,0.00084306,9.2291
1912-03,0.03541667,0.00083611,0.00085069,9.4194
1912-04,0.00307004,0.00086667,0.00085833,9.7048
1912-05,0.00412491,0.00089722,0.00086597,9.7048
1912-06,0.00517571,0.00092778,0.00087361,9.6097
1912-07,0.02707508,0.00095833,0.00088125,9.6097
1912-08,0.00914628,0.00098889,0.00088889,9.7048
1912-09,0.00200727,0.00101944,0.00089653,9.8000
1912-10,-0.00712822,0.00105000,0.00090417,9.8000
1912-11,-0.03186708,0.00108056,0.00091181,9.8000
1912-12,-0.00426439,0.00111111,0.00091944,9.7048
1913-01,-0.03118280,0.00540000,0.00092708,9.8000
1913-02,-0.01449275,0.00537986,0.00092205,9.8000
1913-03,0.00340909,0.00535972,0.00091701,9.8000
1913-04,-0.02275313,0.00533958,0.00091198,9.8000
1913-05,-0.04561404,0.00531944,0.00090694,9.7000
1913-06,0.01847291,0.00529931,0.00090191,9.8000
1913-07,0.03159174,0.00527917,0.00089687,9.9000
1913-08,0.01420118,0.00525903,0.00089184,9.9000
1913-09,-0.02696366,0.00523889,0.00088681,10.0000
1913-10,-0.02058111,0.00521875,0.00088177,10.0000
1913-11,0.00372671,0.00519861,0.00087674,10.1000
1913-12,0.04601990,0.00517847,0.00087170,10.0000
1914-01,0.01787137,0.00300000,0.00086667,10.0000
1914-02,-0.01424921,0.00300556,0.00086806,9.9000
1914-03,-0.01938101,0.00301111,0.00086944,9.9000
1914-04,0.01087849,0.00301667,0.00087083,9.8000
1914-05,-0.00025500,0.00302222,0.00087222,9.9000
1914-06,-0.05073801,0.00302778,0.00087361,9.9000
1914-07,0.00482856,0.00303333,0.00087500,10.0000
1914-08,0.00477431,0.00303889,0.00087639,10.2000
1914-09,0.00472005,0.00304444,0.00087778,10.2000
1914-10,0.00466580,0.00305000,0.00087917,10.1000
1914-11,-0.03835720,0.00305556,0.00088056,10.2000
1914-12,0.02244898,0.00306111,0.00088194,10.1000
1915-01,-0.00868093,0.00464167,0.00088333,10.1000
1915-02,0.03050700,0.00462847,0.00088003,10.0000
1915-03,0.07994826,0.00461528,0.00087674,9.9000
1915-04,-0.01900799,0.00460208,0.00087344,10.0000
1915-05,0.01576730,0.00458889,0.00087014,10.1000
1915-06,0.00067371,0.00457569,0.00086684,10.1000
1915-07,0.04687682,0.00456250,0.00086354,10.1000
1915-08,0.04138423,0.00454931,0.00086024,10.1000
1915-09,0.05954099,0.00453611,0.00085694,10.1000
1915-10,0.03891594,0.00452292,0.00085365,10.2000
1915-11,0.00589500,0.00450972,0.00085035,10.3000
1915-12,-0.01204290,0.00449653,0.00084705,10.3000
1916-01,-0.00999643,0.00232500,0.00084375,10.4000
1916-02,0.00083062,0.00233750,0.00084687,10.4000
1916-03,-0.00670211,0.00235000,0.00085000,10.5000
1916-04,0.02639930,0.00236250,0.00085313,10.6000
1916-05,0.01406149,0.00237500,0.00085625,10.7000
1916-06,-0.00948184,0.00238750,0.00085938,10.8000
1916-07,0.01215060,0.00240000,0.00086250,10.8000
1916-08,0.04549014,0.00241250,0.00086563,10.9000
1916-09,0.03553289,0.00242500,0.00086875,11.1000
1916-10,0.02754092,0.00243750,0.00087188,11.3000
1916-11,-0.03567418,0.00245000,0.00087500,11.5000
1916-12,-0.01870748,0.00246250,0.00087812,11.6000
1917-01,-0.05145594,0.00154167,0.00088125,11.7000
1917-02,0.03637597,0.00156528,0.00088715,12.0000
1917-03,-0.00973416,0.00158889,0.00089306,12.0000
1917-04,-0.02832334,0.00161250,0.00089896,12.6000
1917-05,0.02609293,0.00163611,0.00090486,12.8000
1917-06,-0.02189344,0.00165972,0.00091076,13.0000
1917-07,-0.02355138,0.00168333,0.00091667,12.8000
1917-08,-0.04174775,0.00170694,0.00092257,13.0000
1917-09,-0.04743945,0.00173056,0.00092847,13.3000
1917-10,-0.07608181,0.00175417,0.00093437,13.5000
1917-11,-0.02605114,0.00177778,0.00094028,13.5000
1917-12,0.06875000,0.00180139,0.00094618,13.7000
1918-01,0.03837263,0.00421667,0.00095208,14.0000
1918-02,-0.01267384,0.00421181,0.00095087,14.1000
1918-03,-0.00206044,0.00420694,0.00094965,14.0000
1918-04,0.03941285,0.00420208,0.00094844,14.2000
1918-05,0.00851254,0.00419722,0.00094722,14.5000
1918-06,0.01510067,0.00419236,0.00094601,14.7000
1918-07,0.01620062,0.00418750,0.00094479,15.1000
1918-08,0.00142920,0.00418264,0.00094358,15.4000
1918-09,0.04907162,0.00417778,0.00094236,15.7000
1918-10,0.03170059,0.00417292,0.00094115,16.0000
1918-11,-0.01385443,0.00416806,0.00093993,16.3000
1918-12,-0.00031646,0.00416319,0.00093872,16.5000
1919-01,0.00983758,0.00100833,0.00093750,16.5000
1919-02,0.03641392,0.00104097,0.00094566,16.2000
1919-03,0.03899836,0.00107361,0.00095382,16.4000
1919-04,0.07465932,0.00110625,0.00096198,16.7000
1919-05,0.03189614,0.00113889,0.00097014,16.9000
1919-06,0.03754976,0.00117153,0.00097830,16.9000
1919-07,-0.06250701,0.00120417,0.00098646,17.4000
1919-08,0.02088782,0.00123681,0.00099462,17.7000
1919-09,0.05604883,0.00126944,0.00100278,17.8000
1919-10,-0.02484424,0.00130208,0.00101094,18.1000
1919-11,-0.02454389,0.00133472,0.00101910,18.5000
1919-12,-0.00513827,0.00136736,0.00102726,18.9000
1920-01,-0.07768686,0.00344167,0.00103542,19.3000
1920-02,0.07578909,0.00345000,0.00103750,19.5000
1920-03,-0.00302768,0.00345833,0.00103958,19.7000
1920-04,-0.05771996,0.00346667,0.00104167,20.3000
1920-05,-0.01197581,0.00347500,0.00104375,20.6000
1920-06,0.00420875,0.00348333,0.00104583,20.9000
1920-07,-0.03373051,0.00349167,0.00104792,20.8000
1920-08,0.04119189,0.00350000,0.00105000,20.3000
1920-09,0.00672385,0.00350833,0.00105208,20.0000
1920-10,-0.04533312,0.00351667,0.00105417,19.9000
1920-11,-0.08387143,0.00352500,0.00105625,19.8000
1920-12,0.05029369,0.00353333,0.00105833,19.4000
1921-01,-0.00110408,0.00885000,0.00106042,19.0000
1921-02,-0.01957389,0.00879514,0.00104670,18.4000
1921-03,0.01038639,0.00874028,0.00103299,18.3000
1921-04,0.03633985,0.00868542,0.00101927,18.1000
1921-05,-0.07433052,0.00863056,0.00100556,17.7000
1921-06,0.00311705,0.00857569,0.00099184,17.6000
1921-07,-0.00611536,0.00852083,0.00097813,17.7000
1921-08,0.03096512,0.00846597,0.00096441,17.7000
1921-09,0.01957262,0.00841111,0.00095069,17.5000
1921-10,0.05955597,0.00835625,0.00093698,17.5000
1921-11,0.04088999,0.00830139,0.00092326,17.4000
1921-12,0.00387597,0.00824653,0.00090955,17.3000
1922-01,0.02721689,0.00323333,0.00089583,16.9000
1922-02,0.04276475,0.00323750,0.00089687,16.9000
1922-03,0.06581072,0.00324167,0.00089792,16.7000
1922-04,0.04381547,0.00324583,0.00089896,16.7000
1922-05,-0.00468152,0.00325000,0.00090000,16.7000
1922-06,0.01188363,0.00325417,0.00090104,16.7000
1922-07,0.04239326,0.00325833,0.00090208,16.8000
1922-08,0.03070310,0.00326250,0.00090312,16.6000
1922-09,0.02665103,0.00326667,0.00090417,16.6000
1922-10,-0.04516109,0.00327083,0.00090521,16.7000
1922-11,0.00251705,0.00327500,0.00090625,16.8000
1922-12,0.01850797,0.00327917,0.00090729,16.9000
1923-01,0.04748783,0.00538333,0.00090833,16.8000
1923-02,0.02077317,0.00536250,0.00090312,16.8000
1923-03,-0.03044362,0.00534167,0.00089792,16.8000
1923-04,-0.04252106,0.00532083,0.00089271,16.9000
1923-05,-0.03308055,0.00530000,0.00088750,16.9000
1923-06,-0.02837730,0.00527917,0.00088229,17.0000
1923-07,0.01035670,0.00525833,0.00087708,17.2000
1923-08,0.01155658,0.00523750,0.00087187,17.1000
1923-09,-0.00935583,0.00521667,0.00086667,17.2000
1923-10,0.03535388,0.00519583,0.00086146,17.3000
1923-11,0.03918077,0.00517500,0.00085625,17.3000
1923-12,0.03791423,0.00515417,0.00085104,17.3000
1924-01,0.00954794,0.00455000,0.00084583,17.3000
1924-02,-0.01415539,0.00453611,0.00084236,17.2000
1924-03,-0.01786398,0.00452222,0.00083889,17.1000
1924-04,0.00173235,0.00450833,0.00083542,17.0000
1924-05,0.02418634,0.00449444,0.00083194,17.0000
1924-06,0.05156431,0.00448056,0.00082847,17.0000
1924-07,0.03932909,0.00446667,0.00082500,17.1000
1924-08,-0.00478854,0.00445278,0.00082153,17.0000
1924-09,-0.00806306,0.00443889,0.00081806,17.1000
1924-10,0.06084976,0.00442500,0.00081458,17.2000
1924-11,0.05868171,0.00441111,0.00081111,17.2000
1924-12,0.04584974,0.00439722,0.00080764,17.3000
1925-01,0.01287177,0.00426667,0.00080417,17.3000
1925-02,-0.02188144,0.00425417,0.00080104,17.2000
1925-03,-0.00607555,0.00424167,0.00079792,17.3000
1925-04,0.03669504,0.00422917,0.00079479,17.2000
1925-05,0.02239083,0.00421667,0.00079167,17.3000
1925-06,0.03221451,0.00420417,0.00078854,17.5000
1925-07,0.01786186,0.00419167,0.00078542,17.7000
1925-08,0.02743185,0.00417917,0.00078229,17.7000
1925-09,0.03726832,0.00416667,0.00077917,17.7000
1925-10,0.03526563,0.00415417,0.00077604,17.7000
1925-11,0.02036297,0.00414167,0.00077292,18.0000
1925-12,0.01926164,0.00412917,0.00076979,17.9000
1926-01,0.00558300,0.00505000,0.00076667,17.9000
1926-02,-0.06383189,0.00502639,0.00076076,17.9000
1926-03,-0.02354996,0.00500278,0.00075486,17.8000
1926-04,0.01154181,0.00497917,0.00074896,17.9000
1926-05,0.05217344,0.00495556,0.00074306,17.8000
1926-06,0.04655244,0.00493194,0.00073715,17.7000
1926-07,0.04392829,0.00490833,0.00073125,17.5000
1926-08,0.01943598,0.00488472,0.00072535,17.4000
1926-09,-0.01834647,0.00486111,0.00071944,17.5000
1926-10,0.01737711,0.00483750,0.00071354,17.6000
1926-11,0.02705648,0.00481389,0.00070764,17.7000
1926-12,-0.00240919,0.00479028,0.00070174,17.7000
1927-01,0.02373570,0.00284167,0.00069583,17.5000
1927-02,0.01966386,0.00284097,0.00069566,17.4000
1927-03,0.02877914,0.00284028,0.00069549,17.3000
1927-04,0.03868578,0.00283958,0.00069531,17.3000
1927-05,0.01702551,0.00283889,0.00069514,17.4000
1927-06,0.02624804,0.00283819,0.00069497,17.6000
1927-07,0.05725307,0.00283750,0.00069479,17.3000
1927-08,0.06063267,0.00283681,0.00069462,17.2000
1927-09,-0.01165880,0.00283611,0.00069444,17.3000
1927-10,0.02656225,0.00283542,0.00069427,17.4000
1927-11,0.02717517,0.00283472,0.00069410,17.3000
1927-12,0.00768423,0.00283403,0.00069392,17.3000
1928-01,-0.00828722,0.00120000,0.00069375,17.3000
1928-02,0.05746391,0.00121875,0.00069844,17.1000
1928-03,0.06662100,0.00123750,0.00070313,17.1000
1928-04,0.03435009,0.00125625,0.00070781,17.1000
1928-05,-0.04565292,0.00127500,0.00071250,17.2000
1928-06,0.01090957,0.00129375,0.00071719,17.1000
1928-07,0.03591119,0.00131250,0.00072187,17.1000
1928-08,0.07374157,0.00133125,0.00072656,17.1000
1928-09,0.02357896,0.00135000,0.00073125,17.3000
1928-10,0.07082060,0.00136875,0.00073594,17.2000
1928-11,0.00695035,0.00138750,0.00074062,17.2000
1928-12,0.07692585,0.00140625,0.00074531,17.1000
1929-01,0.00811209,0.00480833,0.00075000,17.1000
1929-02,0.02050820,0.00478681,0.00074462,17.1000
1929-03,-0.00301481,0.00476528,0.00073924,17.0000
1929-04,0.01796545,0.00474375,0.00073385,16.9000
1929-05,0.02201871,0.00472222,0.00072847,17.0000
1929-06,0.09200127,0.00470069,0.00072309,17.1000
1929-07,0.05957397,0.00467917,0.00071771,17.3000
1929-08,0.04244186,0.00465764,0.00071233,17.3000
1929-09,-0.10324814,0.00463611,0.00070694,17.3000
1929-10,-0.26190902,0.00461458,0.00070156,17.3000
1929-11,0.04373178,0.00459306,0.00069618,17.3000
1929-12,0.01826324,0.00457153,0.00069080,17.2000
1930-01,0.06637034,0.00245000,0.00068542,17.1000
1930-02,0.04122128,0.00245347,0.00068628,17.0000
1930-03,0.06687726,0.00245694,0.00068715,16.9000
1930-04,-0.05651578,0.00246042,0.00068802,17.0000
1930-05,-0.09769493,0.00246389,0.00068889,16.9000
1930-06,-0.01759991,0.00246736,0.00068976,16.8000
1930-07,-0.00895932,0.00247083,0.00069063,16.6000
1930-08,0.00343394,0.00247431,0.00069149,16.5000
1930-09,-0.13371230,0.00247778,0.00069236,16.6000
1930-10,-0.06799526,0.00248125,0.00069323,16.5000
1930-11,-0.06187726,0.00248472,0.00069410,16.4000
1930-12,0.03556845,0.00248819,0.00069497,16.1000
1931-01,0.08138663,0.00080000,0.00069583,15.9000
1931-02,0.02380475,0.00082361,0.00070174,15.7000
1931-03,-0.09079673,0.00084722,0.00070764,15.6000
1931-04,-0.09159994,0.00087083,0.00071354,15.5000
1931-05,-0.02678937,0.00089444,0.00071944,15.3000
1931-06,0.03857246,0.00091806,0.00072535,15.1000
1931-07,-0.02485055,0.00094167,0.00073125,15.1000
1931-08,-0.14368525,0.00096528,0.00073715,15.1000
1931-09,-0.12750070,0.00098889,0.00074306,15.0000
1931-10,0.02054228,0.00101250,0.00074896,14.9000
1931-11,-0.18099695,0.00103611,0.00075486,14.7000
1931-12,-0.00849131,0.00105972,0.00076076,14.6000
1932-01,-0.00046888,0.00522500,0.00076667,14.3000
1932-02,0.01140846,0.00519931,0.00076024,14.1000
1932-03,-0.23224374,0.00517361,0.00075382,14.0000
1932-04,-0.11314623,0.00514792,0.00074740,13.9000
1932-05,-0.12391561,0.00512222,0.00074097,13.7000
1932-06,0.06184486,0.00509653,0.00073455,13.6000
1932-07,0.51352794,0.00507083,0.00072813,13.6000
1932-08,0.10365981,0.00504514,0.00072170,13.5000
1932-09,-0.13216303,0.00501944,0.00071528,13.4000
1932-10,-0.00335557,0.00499375,0.00070885,13.3000
1932-11,-0.02639835,0.00496806,0.00070243,13.2000
1932-12,0.04569892,0.00494236,0.00069601,13.1000
1933-01,-0.11265867,0.00386667,0.00068958,12.9000
1933-02,0.00333333,0.00385347,0.00068628,12.7000
1933-03,0.11242643,0.00384028,0.00068299,12.6000
1933-04,0.29317852,0.00382708,0.00067969,12.6000
1933-05,0.17582676,0.00381389,0.00067639,12.6000
1933-06,0.08461662,0.00380069,0.00067309,12.7000
1933-07,-0.04641585,0.00378750,0.00066979,13.1000
1933-08,-0.00484224,0.00377431,0.00066649,13.2000
1933-09,-0.09376969,0.00376111,0.00066319,13.2000
1933-10,0.02801047,0.00374792,0.00065990,13.2000
1933-11,0.02321915,0.00373472,0.00065660,13.2000
1933-12,0.06084921,0.00372153,0.00065330,13.2000
1934-01,0.07748893,0.00452500,0.00065000,13.2000
1934-02,-0.04798513,0.00450208,0.00064427,13.3000
1934-03,0.02019320,0.00447917,0.00063854,13.3000
1934-04,-0.09826542,0.00445625,0.00063281,13.3000
1934-05,0.01702514,0.00443333,0.00062708,13.3000
1934-06,-0.04355298,0.00441042,0.00062135,13.4000
1934-07,-0.03514784,0.00438750,0.00061562,13.4000
1934-08,-0.02008516,0.00436458,0.00060990,13.4000
1934-09,0.01208239,0.00434167,0.00060417,13.6000
1934-10,0.03210708,0.00431875,0.00059844,13.5000
1934-11,0.01059058,0.00429583,0.00059271,13.5000
1934-12,0.00404968,0.00427292,0.00058698,13.4000
1935-01,-0.02618790,0.00314167,0.00058125,13.6000
1935-02,-0.05929844,0.00313194,0.00057882,13.7000
1935-03,0.07936980,0.00312222,0.00057639,13.7000
1935-04,0.08265733,0.00311250,0.00057396,13.8000
1935-05,0.04173789,0.00310278,0.00057153,13.8000
1935-06,0.05599473,0.00309306,0.00056910,13.7000
1935-07,0.07104851,0.00308333,0.00056667,13.7000
1935-08,0.02433304,0.00307361,0.00056424,13.7000
1935-09,0.02985932,0.00306389,0.00056181,13.7000
1935-10,0.09710570,0.00305417,0.00055937,13.7000
1935-11,0.00293967,0.00304444,0.00055694,13.8000
1935-12,0.05821830,0.00303472,0.00055451,13.8000
1936-01,0.06031977,0.00203333,0.00055208,13.8000
1936-02,0.02411226,0.00203542,0.00055260,13.8000
1936-03,0.00414984,0.00203750,0.00055313,13.7000
1936-04,-0.05019788,0.00203958,0.00055365,13.7000
1936-05,0.04573772,0.00204167,0.00055417,13.7000
1936-06,0.06234400,0.00204375,0.00055469,13.8000
1936-07,0.02297558,0.00204583,0.00055521,13.9000
1936-08,0.01444024,0.00204792,0.00055573,14.0000
1936-09,0.05550363,0.00205000,0.00055625,14.0000
1936-10,0.03101770,0.00205208,0.00055677,14.0000
1936-11,-0.01400090,0.00205417,0.00055729,14.0000
1936-12,0.03458382,0.00205625,0.00055781,14.0000
1937-01,0.03302066,0.00293333,0.00055833,14.1000
1937-02,0.00230075,0.00292500,0.00055625,14.1000
1937-03,-0.05624655,0.00291667,0.00055417,14.2000
1937-04,-0.04085832,0.00290833,0.00055208,14.3000
1937-05,-0.03338462,0.00290000,0.00055000,14.4000
1937-06,0.06393862,0.00289167,0.00054792,14.4000
1937-07,0.01436666,0.00288333,0.00054583,14.5000
1937-08,-0.13762777,0.00287500,0.00054375,14.5000
1937-09,-0.14097657,0.00286667,0.00054167,14.6000
1937-10,-0.08265472,0.00285833,0.00053958,14.6000
1937-11,-0.01019345,0.00285000,0.00053750,14.5000
1937-12,0.03236540,0.00284167,0.00053542,14.4000
1938-01,-0.01802731,0.00330000,0.00053333,14.2000
1938-02,-0.06018518,0.00328611,0.00052986,14.1000
1938-03,-0.03443259,0.00327222,0.00052639,14.1000
1938-04,0.01556005,0.00325833,0.00052292,14.2000
1938-05,0.02933645,0.00324444,0.00051944,14.1000
1938-06,0.20486451,0.00323056,0.00051597,14.1000
1938-07,0.01057552,0.00321667,0.00051250,14.1000
1938-08,-0.04084303,0.00320278,0.00050903,14.1000
1938-09,0.11617021,0.00318889,0.00050556,14.1000
1938-10,0.00465799,0.00317500,0.00050208,14.0000
1938-11,-0.02550370,0.00316111,0.00049861,14.0000
1938-12,-0.01162333,0.00314722,0.00049514,14.0000
1939-01,-0.00457778,0.00284167,0.00049167,14.0000
1939-02,0.00266577,0.00283125,0.00048906,13.9000
1939-03,-0.12241055,0.00282083,0.00048646,13.9000
1939-04,0.04096132,0.00281042,0.00048385,13.8000
1939-05,0.02171762,0.00280000,0.00048125,13.8000
1939-06,0.02836104,0.00278958,0.00047865,13.8000
1939-07,-0.01067464,0.00277917,0.00047604,13.8000
1939-08,0.11055748,0.00276875,0.00047344,13.8000
1939-09,0.01383451,0.00275833,0.00047083,14.1000
1939-10,-0.01408269,0.00274792,0.00046823,14.0000
1939-11,-0.01973165,0.00273750,0.00046563,14.0000
1939-12,-0.00148208,0.00272708,0.00046302,14.0000
1940-01,-0.00228094,0.00335833,0.00046042,13.9000
1940-02,-0.00145481,0.00334028,0.00045590,14.0000
1940-03,0.01419753,0.00332222,0.00045139,14.0000
1940-04,-0.13341030,0.00330417,0.00044688,14.0000
1940-05,-0.08094413,0.00328611,0.00044236,14.0000
1940-06,0.03869355,0.00326806,0.00043785,14.1000
1940-07,0.02649872,0.00325000,0.00043333,14.0000
1940-08,0.04757625,0.00323194,0.00042882,14.0000
1940-09,0.01465977,0.00321389,0.00042431,14.0000
1940-10,0.02850264,0.00319583,0.00041979,14.0000
1940-11,-0.03589860,0.00317778,0.00041528,14.0000
1940-12,0.00720165,0.00315972,0.00041076,14.1000
1941-01,-0.05724066,-0.00135000,0.00040625,14.1000
1941-02,0.01176834,-0.00131458,0.00041510,14.1000
1941-03,-0.02546064,-0.00127917,0.00042396,14.2000
1941-04,-0.01587714,-0.00124375,0.00043281,14.3000
1941-05,0.04106280,-0.00120833,0.00044167,14.4000
1941-06,0.05712090,-0.00117292,0.00045052,14.7000
1941-07,0.00075807,-0.00113750,0.00045937,14.7000
1941-08,0.00862444,-0.00110208,0.00046823,14.9000
1941-09,-0.03434245,-0.00106667,0.00047708,15.1000
1941-10,-0.04083305,-0.00103125,0.00048594,15.3000
1941-11,-0.05881655,-0.00099583,0.00049479,15.4000
1941-12,0.02616058,-0.00096042,0.00050365,15.5000
1942-01,-0.02479159,0.00199167,0.00051250,15.7000
1942-02,-0.04762363,0.00199236,0.00051267,15.8000
1942-03,-0.03453545,0.00199306,0.00051285,16.0000
1942-04,0.01870748,0.00199375,0.00051302,16.1000
1942-05,0.05748214,0.00199444,0.00051319,16.3000
1942-06,0.04381753,0.00199514,0.00051337,16.3000
1942-07,0.00045011,0.00199583,0.00051354,16.4000
1942-08,0.01662139,0.00199653,0.00051372,16.5000
1942-09,0.07968510,0.00199722,0.00051389,16.5000
1942-10,0.02154864,0.00199792,0.00051406,16.7000
1942-11,0.01055966,0.00199861,0.00051424,16.8000
1942-12,0.06503852,0.00199931,0.00051441,16.9000
1943-01,0.06433763,0.00200000,0.00051458,16.9000
1943-02,0.04014655,0.00200069,0.00051476,16.9000
1943-03,0.03786510,0.00200139,0.00051493,17.2000
1943-04,0.04363345,0.00200208,0.00051510,17.4000
1943-05,0.02179703,0.00200278,0.00051528,17.5000
1943-06,0.02472452,0.00200347,0.00051545,17.5000
1943-07,-0.04538912,0.00200417,0.00051563,17.4000
1943-08,0.02553000,0.00200486,0.00051580,17.3000
1943-09,-0.00500417,0.00200556,0.00051597,17.4000
1943-10,-0.04206416,0.00200625,0.00051615,17.4000
1943-11,0.01770129,0.00200694,0.00051632,17.4000
1943-12,0.03665796,0.00200764,0.00051649,17.4000
1944-01,-0.00243788,0.00270833,0.00051667,17.4000
1944-02,0.03240348,0.00270069,0.00051476,17.4000
1944-03,-0.01308540,0.00269306,0.00051285,17.4000
1944-04,0.02203065,0.00268542,0.00051094,17.5000
1944-05,0.05142333,0.00267778,0.00050903,17.5000
1944-06,0.03018942,0.00267014,0.00050712,17.6000
1944-07,-0.01055556,0.00266250,0.00050521,17.7000
1944-08,-0.01225171,0.00265486,0.00050330,17.7000
1944-09,0.02883598,0.00264722,0.00050139,17.7000
1944-10,-0.00284018,0.00263958,0.00049948,17.7000
1944-11,0.02600104,0.00263194,0.00049757,17.7000
1944-12,0.03384224,0.00262431,0.00049566,17.8000
1945-01,0.03733218,0.00302500,0.00049375,17.8000
1945-02,0.00314842,0.00301250,0.00049063,17.8000
1945-03,0.02901412,0.00300000,0.00048750,17.8000
1945-04,0.04160831,0.00298750,0.00048438,17.8000
1945-05,0.02187359,0.00297500,0.00048125,17.9000
1945-06,-0.01695383,0.00296250,0.00047812,18.1000
1945-07,0.00706660,0.00295000,0.00047500,18.1000
1945-08,0.07179516,0.00293750,0.00047188,18.1000
1945-09,0.04513889,0.00292500,0.00046875,18.1000
1945-10,0.03606061,0.00291250,0.00046563,18.1000
1945-11,0.02024648,0.00290000,0.00046250,18.1000
1945-12,0.04298904,0.00288750,0.00045937,18.2000
1946-01,0.00585769,0.00147500,0.00045625,18.2000
1946-02,-0.02677858,0.00147917,0.00045729,18.1000
1946-03,0.06769348,0.00148333,0.00045833,18.3000
1946-04,0.00518042,0.00148750,0.00045937,18.4000
1946-05,-0.00338681,0.00149167,0.00046042,18.5000
1946-06,-0.02547542,0.00149583,0.00046146,18.7000
1946-07,-0.01623577,0.00150000,0.00046250,19.8000
1946-08,-0.14422473,0.00150417,0.00046354,20.2000
1946-09,-0.01872101,0.00150833,0.00046458,20.4000
1946-10,-0.00013182,0.00151250,0.00046562,20.8000
1946-11,0.03394221,0.00151667,0.00046667,21.3000
1946-12,0.00919806,0.00152083,0.00046771,21.5000
1947-01,0.04269852,0.00076667,0.00046875,21.5000
1947-02,-0.03672644,0.00077986,0.00047205,21.5000
1947-03,-0.03298153,0.00079306,0.00047535,21.9000
1947-04,-0.01362253,0.00080625,0.00047865,21.9000
1947-05,0.03920657,0.00081944,0.00048194,21.9000
1947-06,0.06693621,0.00083264,0.00048524,22.0000
1947-07,-0.01558867,0.00084583,0.00048854,22.2000
1947-08,-0.02166882,0.00085903,0.00049184,22.5000
1947-09,0.03026782,0.00087222,0.00049514,23.0000
1947-10,-0.00729953,0.00088542,0.00049844,23.0000
1947-11,-0.01122390,0.00089861,0.00050174,23.1000
1947-12,-0.00864937,0.00091181,0.00050503,23.4000
1948-01,-0.04448565,0.00279167,0.00050833,23.7000
1948-02,0.01918834,0.00278264,0.00050608,23.5000
1948-03,0.08187646,0.00277361,0.00050382,23.4000
1948-04,0.05330087,0.00276458,0.00050156,23.8000
1948-05,0.04587203,0.00275556,0.00049931,23.9000
1948-06,-0.01956996,0.00274653,0.00049705,24.1000
1948-07,-0.02488496,0.00273750,0.00049479,24.4000
1948-08,-0.00677889,0.00272847,0.00049253,24.5000
1948-09,0.03188452,0.00271944,0.00049028,24.5000
1948-10,-0.05100885,0.00271042,0.00048802,24.4000
1948-11,-0.00158055,0.00270139,0.00048576,24.2000
1948-12,0.01629361,0.00269236,0.00048351,24.1000
1949-01,-0.03327546,0.00186667,0.00048125,24.0000
1949-02,0.01491386,0.00186736,0.00048142,23.8000
1949-03,0.00413593,0.00186806,0.00048160,23.8000
1949-04,-0.00182822,0.00186875,0.00048177,23.9000
1949-05,-0.04912793,0.00186944,0.00048194,23.8000
1949-06,0.06263422,0.00187014,0.00048212,23.9000
1949-07,0.04170432,0.00187083,0.00048229,23.7000
1949-08,0.01871228,0.00187153,0.00048247,23.8000
1949-09,0.03141812,0.00187222,0.00048264,23.9000
1949-10,0.01947415,0.00187292,0.00048281,23.7000
1949-11,0.03241605,0.00187361,0.00048299,23.8000
1949-12,0.02629988,0.00187431,0.00048316,23.6000
1950-01,0.02522709,0.00047500,0.00048333,23.5000
1950-02,0.01375169,0.00049236,0.00048767,23.5000
1950-03,0.03386167,0.00050972,0.00049201,23.6000
1950-04,0.03914425,0.00052708,0.00049635,23.6000
1950-05,0.02164678,0.00054444,0.00050069,23.7000
1950-06,-0.06723586,0.00056181,0.00050503,23.8000
1950-07,0.06637577,0.00057917,0.00050937,24.1000
1950-08,0.04108641,0.00059653,0.00051372,24.3000
1950-09,0.04721349,0.00061389,0.00051806,24.4000
1950-10,0.00376057,0.00063125,0.00052240,24.6000
1950-11,0.00194709,0.00064861,0.00052674,24.7000
1950-12,0.08012658,0.00066597,0.00053108,25.0000
1951-01,0.04308766,0.00150000,0.00053542,25.4000
1951-02,-0.01112375,0.00150764,0.00053733,25.7000
1951-03,0.01926337,0.00151528,0.00053924,25.8000
1951-04,0.00628547,0.00152292,0.00054115,25.8000
1951-05,-0.01145056,0.00153056,0.00054306,25.9000
1951-06,0.02366589,0.00153819,0.00054497,25.9000
1951-07,0.04965295,0.00154583,0.00054687,25.9000
1951-08,0.03135769,0.00155347,0.00054878,25.9000
1951-09,0.00028393,0.00156111,0.00055069,26.1000
1951-10,-0.02253378,0.00156875,0.00055260,26.2000
1951-11,0.03613192,0.00157639,0.00055451,26.4000
1951-12,0.03833832,0.00158403,0.00055642,26.5000
1952-01,-0.01332048,0.00135833,0.00055833,26.5000
1952-02,0.00749709,0.00136875,0.00056094,26.3000
1952-03,0.00202996,0.00137917,0.00056354,26.3000
1952-04,0.00459843,0.00138958,0.00056615,26.4000
1952-05,0.03244838,0.00140000,0.00056875,26.4000
1952-06,0.03366831,0.00141042,0.00057135,26.5000
1952-07,0.00880516,0.00142083,0.00057396,26.7000
1952-08,-0.01108684,0.00143125,0.00057656,26.7000
1952-09,-0.01610842,0.00144167,0.00057917,26.7000
1952-10,0.03667446,0.00145208,0.00058177,26.7000
1952-11,0.04509032,0.00146250,0.00058438,26.7000
1952-12,0.00988863,0.00147292,0.00058698,26.7000
1953-01,-0.00773491,0.00440000,0.00058958,26.6000
1953-02,0.00957077,0.00437569,0.00058351,26.5000
1953-03,-0.04472874,-0.00177361,0.00057743,26.6000
1953-04,0.01002742,-0.01304167,0.00058958,26.6000
1953-05,-0.03107666,-0.00165833,0.00063542,26.7000
1953-06,0.01913709,0.01519167,0.00064792,26.8000
1953-07,0.00898861,0.00104167,0.00061042,26.8000
1953-08,-0.04106874,0.00805833,0.00061458,26.9000
1953-09,0.03516688,0.01709167,0.00059792,26.9000
1953-10,0.02708246,0.00081667,0.00055417,27.0000
1953-11,0.01836735,0.00853333,0.00055833,26.9000
1953-12,0.03023896,0.00985833,0.00053958,26.9000
1954-01,0.02676313,0.00276667,0.00051667,26.9000
1954-02,0.02582414,0.00905833,0.00051458,26.9000
1954-03,0.04450508,0.00757500,0.00049375,26.9000
1954-04,0.04422527,-0.00369167,0.00047708,26.8000
1954-05,0.01223074,0.00127500,0.00049375,26.9000
1954-06,0.04457297,0.00758333,0.00049583,26.9000
1954-07,0.02394255,-0.00228333,0.00047917,26.9000
1954-08,0.02739812,0.00056667,0.00049167,26.9000
1954-09,0.02710652,-0.00151667,0.00049583,26.8000
1954-10,0.04302188,-0.00147500,0.00050625,26.8000
1954-11,0.04953317,-0.00003333,0.00051667,26.8000
1954-12,0.02168525,-0.00490833,0.00052292,26.7000
1955-01,0.03704745,-0.00062500,0.00054375,26.7000
1955-02,-0.00436412,0.00010833,0.00055208,26.7000
1955-03,0.03808219,-0.00266667,0.00055833,26.7000
1955-04,-0.00078714,0.00159167,0.00057292,26.7000
1955-05,0.06145095,0.00090000,0.00057500,26.7000
1955-06,0.07644126,-0.00608333,0.00057917,26.7000
1955-07,-0.00299315,-0.00248333,0.00060417,26.8000
1955-08,0.04816429,0.00247500,0.00061875,26.8000
1955-09,-0.04724853,0.00877500,0.00061875,26.9000
1955-10,0.07066150,0.00170000,0.00060000,26.9000
1955-11,0.01237176,-0.00249167,0.00060208,26.9000
1955-12,-0.02387775,0.00666667,0.00061667,26.8000
1956-01,0.00949415,0.00661667,0.00060417,26.8000
1956-02,0.07206092,-0.00603333,0.00059167,26.8000
1956-03,0.01482768,-0.01293333,0.00061667,26.8000
1956-04,-0.02838479,0.01035000,0.00066250,26.9000
1956-05,-0.00262020,0.00745833,0.00063958,27.0000
1956-06,0.05748865,-0.00520000,0.00062500,27.2000
1956-07,-0.00284726,-0.01280833,0.00064792,27.4000
1956-08,-0.03088838,-0.00072500,0.00069375,27.3000
1956-09,-0.00953601,0.00561667,0.00070417,27.4000
1956-10,-0.00712466,-0.00771667,0.00069583,27.5000
1956-11,0.01808954,-0.00409167,0.00072708,27.5000
1956-12,-0.01862618,0.01209167,0.00074792,27.6000
1957-01,-0.03995768,0.01128333,0.00072083,27.6000
1957-02,0.01620529,-0.00211667,0.00069583,27.7000
1957-03,0.02644031,-0.00205833,0.00071042,27.8000
1957-04,0.04160192,-0.00550000,0.00072500,27.9000
1957-05,0.01954183,-0.01100000,0.00075000,28.0000
1957-06,0.02322117,-0.00593333,0.00079167,28.1000
1957-07,-0.05205112,0.00327500,0.00081875,28.3000
1957-08,-0.03739456,0.00397500,0.00081875,28.3000
1957-09,-0.05896620,-0.00023333,0.00081667,28.3000
1957-10,-0.01800436,0.02080833,0.00082708,28.3000
1957-11,0.00318050,0.03880000,0.00077500,28.4000
1957-12,0.02328705,0.01107500,0.00066875,28.4000
1958-01,0.00701875,0.00537500,0.00064375,28.6000
1958-02,0.02418943,0.00744167,0.00063542,28.6000
1958-03,0.00896462,0.00948333,0.00062083,28.8000
1958-04,0.03557839,-0.00040000,0.00060000,28.9000
1958-05,0.02735189,-0.00106667,0.00060833,28.9000
1958-06,0.03070764,-0.01362500,0.00061875,28.9000
1958-07,0.04054299,-0.02113333,0.00066667,29.0000
1958-08,0.02943746,-0.01245000,0.00073750,28.9000
1958-09,0.04359001,0.00033333,0.00078333,28.9000
1958-10,0.03326246,0.00736667,0.00079167,28.9000
1958-11,0.02162433,-0.00528333,0.00077917,29.0000
1958-12,0.04254689,-0.00798333,0.00080417,28.9000
1959-01,-0.01265032,0.00755000,0.00083750,29.0000
1959-02,0.02806179,0.00120000,0.00082500,28.9000
1959-03,0.01936432,-0.00577500,0.00083125,28.9000
1959-04,0.01765422,-0.00986667,0.00085833,29.0000
1959-05,-0.00606262,0.00149167,0.00089792,29.0000
1959-06,0.04227579,-0.00058333,0.00090417,29.1000
1959-07,-0.00318509,0.00156667,0.00091667,29.2000
1959-08,-0.03703237,-0.01380833,0.00092292,29.2000
1959-09,0.00176746,0.01440000,0.00097500,29.3000
1959-10,0.00669104,0.00377500,0.00094375,29.4000
1959-11,0.03463121,-0.00742500,0.00094375,29.4000
1959-12,-0.01485777,0.00180833,0.00097708,29.4000
1960-01,-0.03609244,0.02003333,0.00098333,29.3000
1960-02,-0.01078145,0.02054167,0.00093542,29.4000
1960-03,0.01584272,0.00144167,0.00088542,29.4000
1960-04,-0.00624539,-0.00133333,0.00089167,29.5000
1960-05,0.03988089,0.01762500,0.00090625,29.5000
1960-06,-0.02196123,0.02095833,0.00086458,29.6000
1960-07,0.01490867,0.01025000,0.00081250,29.6000
1960-08,-0.02720757,0.00316667,0.00079167,29.6000
1960-09,-0.01673965,-0.00313333,0.00079167,29.6000
1960-10,0.03540852,0.00044167,0.00081042,29.8000
1960-11,0.02690644,0.00957500,0.00081875,29.8000
1960-12,0.05426937,0.00320000,0.00080000,29.8000
1961-01,0.04374117,0.00740000,0.00080000,29.8000
1961-02,0.03397047,0.00595000,0.00078750,29.8000
1961-03,0.02919006,0.00031667,0.00077917,29.8000
1961-04,0.01263355,0.00805000,0.00078750,29.8000
1961-05,-0.01080201,-0.00880833,0.00077292,29.8000
1961-06,-0.00027939,0.00043333,0.00080833,29.8000
1961-07,0.03838971,-0.00513333,0.00081667,30.0000
1961-08,-0.00541706,0.00756667,0.00084167,29.9000
1961-09,0.01343047,0.00751667,0.00082917,30.0000
1961-10,0.04772059,0.00186667,0.00081667,30.0000
1961-11,0.01163009,-0.00511667,0.00082083,30.0000
1961-12,-0.03487129,0.00198333,0.00084583,30.0000
1962-01,0.01909496,0.00620000,0.00085000,30.0000
1962-02,0.00340991,0.01106667,0.00084167,30.1000
1962-03,-0.02944942,0.00957500,0.00081875,30.1000
1962-04,-0.07185076,0.00110000,0.00080000,30.2000
1962-05,-0.11412747,0.00042500,0.00080625,30.2000
1962-06,0.02717359,-0.00374167,0.00081458,30.2000
1962-07,0.03023034,0.00544167,0.00083542,30.3000
1962-08,-0.00593340,0.00331667,0.00082917,30.3000
1962-09,-0.02856322,0.00681667,0.00082917,30.4000
1962-10,0.07200859,0.00397500,0.00081875,30.4000
1962-11,0.04623769,0.00746667,0.00081667,30.4000
1962-12,0.04146711,0.00531667,0.00080417,30.4000
1963-01,0.01595536,-0.00310833,0.00079792,30.4000
1963-02,-0.00108297,0.00256667,0.00081667,30.4000
1963-03,0.04978174,0.00047500,0.00081875,30.5000
1963-04,0.02269569,0.00610833,0.00082708,30.5000
1963-05,0.00216630,-0.00092500,0.00081875,30.5000
1963-06,-0.01221889,0.00122500,0.00083125,30.6000
1963-07,0.03031144,0.00475000,0.00083750,30.7000
1963-08,0.02893617,-0.00226667,0.00083333,30.7000
1963-09,0.00499886,0.00130000,0.00085000,30.7000
1963-10,-0.00306572,0.00272500,0.00085625,30.8000
1963-11,0.02393357,0.00273333,0.00085833,30.8000
1963-12,0.03330187,0.00064167,0.00086042,30.9000
1964-01,0.01479907,0.00487500,0.00086875,30.9000
1964-02,0.02071040,-0.00144167,0.00086458,30.9000
1964-03,0.01693105,0.00281667,0.00087917,30.9000
1964-04,0.01220360,0.00562500,0.00088125,30.9000
1964-05,-0.00350664,0.00560000,0.00087500,30.9000
1964-06,0.03961034,0.00207500,0.00086875,31.0000
1964-07,-0.01225667,0.00349167,0.00087292,31.1000
1964-08,0.01965447,0.00279167,0.00087292,31.0000
1964-09,0.01970187,0.00420000,0.00087500,31.1000
1964-10,0.00936948,0.00629167,0.00087292,31.1000
1964-11,-0.01490325,0.00135833,0.00086458,31.2000
1964-12,0.02820788,0.00278333,0.00087083,31.2000
1965-01,0.00975061,0.00209167,0.00087292,31.2000
1965-02,0.00335574,0.00350833,0.00087708,31.2000
1965-03,0.01557641,0.00420833,0.00087708,31.3000
1965-04,0.01732598,0.00280000,0.00087500,31.4000
1965-05,-0.04507355,0.00350833,0.00087708,31.4000
1965-06,0.00102893,0.00420833,0.00087708,31.6000
1965-07,0.02118583,-0.00000000,0.00087500,31.6000
1965-08,0.03596112,0.00074167,0.00088542,31.6000
1965-09,0.02496830,-0.00062500,0.00089375,31.6000
1965-10,0.01075975,-0.00337500,0.00090625,31.7000
1965-11,-0.00211612,-0.00819167,0.00092708,31.7000
1965-12,0.01980450,0.00455000,0.00096250,31.8000
1966-01,-0.00430419,-0.01155833,0.00096042,31.8000
1966-02,-0.03862337,0.00122500,0.00100625,32.0000
1966-03,0.03320957,0.01245833,0.00101458,32.1000
1966-04,-0.05007581,0.00185833,0.00098958,32.3000
1966-05,-0.00559525,0.00188333,0.00099583,32.3000
1966-06,0.00018398,-0.01069167,0.00100208,32.4000
1966-07,-0.05769455,-0.00981667,0.00104583,32.5000
1966-08,-0.03224840,0.00715000,0.00108750,32.7000
1966-09,-0.00564409,0.01621667,0.00107917,32.7000
1966-10,0.05316061,-0.00632500,0.00104375,32.9000
1966-11,0.00715795,0.02670000,0.00107500,32.9000
1966-12,0.04130292,0.02223333,0.00100833,32.9000
1967-01,0.03730018,0.00031667,0.00095417,32.9000
1967-02,0.02633738,0.01015833,0.00096458,32.9000
1967-03,0.01992470,0.00028333,0.00094583,33.0000
1967-04,0.02057681,-0.01437500,0.00095625,33.1000
1967-05,-0.00991828,-0.00785833,0.00101042,33.2000
1967-06,0.01992417,-0.00561667,0.00104583,33.3000
1967-07,0.01851653,-0.00410000,0.00107500,33.4000
1967-08,0.01653908,0.00300000,0.00110000,33.5000
1967-09,0.00097415,-0.00818333,0.00110417,33.6000
1967-10,-0.02881734,-0.01433333,0.00114167,33.7000
1967-11,0.03111735,0.00829167,0.00119792,33.8000
1967-12,-0.00017489,0.01665000,0.00118750,33.9000
1968-01,-0.04256980,0.00250833,0.00115208,34.1000
1968-02,-0.01559229,-0.00796667,0.00115833,34.2000
1968-03,0.07661728,0.01178333,0.00119583,34.3000
1968-04,0.02557692,-0.01140000,0.00117500,34.4000
1968-05,0.02940693,0.01539167,0.00122292,34.5000
1968-06,0.00048922,0.02016667,0.00119167,34.7000
1968-07,-0.01933921,0.01018333,0.00114583,34.9000
1968-08,0.03507684,0.00171667,0.00112917,35.0000
1968-09,0.02717177,-0.00385000,0.00113750,35.1000
1968-10,0.01785752,-0.00375000,0.00116250,35.3000
1968-11,0.01285315,-0.01835000,0.00118750,35.4000
1968-12,-0.03985133,0.00432500,0.00125625,35.5000
1969-01,-0.00238562,-0.00546667,0.00125833,35.6000
1969-02,-0.01913793,-0.00254167,0.00128958,35.8000
1969-03,0.02274253,0.01435000,0.00131250,36.1000
1969-04,0.03513491,-0.00535833,0.00128542,36.3000
1969-05,-0.04971319,-0.01223333,0.00131667,36.4000
1969-06,-0.04205333,-0.00502500,0.00136875,36.6000
1969-07,-0.00283614,0.00770000,0.00140000,36.8000
1969-08,0.00628524,-0.02732500,0.00139375,37.0000
1969-09,0.01346418,0.01016667,0.00149167,37.1000
1969-10,0.00997464,0.00311667,0.00147917,37.3000
1969-11,-0.05027486,-0.02975000,0.00148750,37.5000
1969-12,-0.00589032,-0.00342500,0.00159375,37.7000
1970-01,-0.03196090,0.04499167,0.00162292,37.8000
1970-02,0.02012264,0.01793333,0.00150833,38.0000
1970-03,-0.02747697,-0.01650833,0.00147292,38.2000
1970-04,-0.11199018,-0.03024167,0.00153958,38.5000
1970-05,-0.00269889,0.01149167,0.00164792,38.6000
1970-06,0.00522556,0.03313333,0.00163333,38.8000
1970-07,0.03255781,0.00131667,0.00155417,39.0000
1970-08,0.06321299,0.01607500,0.00156875,39.0000
1970-09,0.02489505,0.01035833,0.00153958,39.2000
1970-10,0.00206761,0.04040833,0.00152708,39.4000
1970-11,0.07158348,0.03720000,0.00142500,39.6000
1970-12,0.04110679,0.01582500,0.00133125,39.8000
1971-01,0.04151068,0.01430000,0.00130000,39.8000
1971-02,0.02831840,0.03379167,0.00127292,39.9000
1971-03,0.03673862,-0.00435000,0.00118750,40.0000
1971-04,-0.01107875,-0.03434167,0.00121458,40.1000
1971-05,-0.01595855,-0.00377500,0.00133125,40.3000
1971-06,-0.00462963,-0.00926667,0.00135833,40.6000
1971-07,-0.01517115,0.01610833,0.00140208,40.7000
1971-08,0.02486402,0.03628333,0.00137083,40.8000
1971-09,-0.01863682,0.01981667,0.00127917,40.8000
1971-10,-0.04371524,0.01334167,0.00123542,40.9000
1971-11,0.07163601,-0.00355833,0.00121042,40.9000
1971-12,0.04422540,0.00354167,0.00123542,41.1000
1972-01,0.02086964,-0.00414167,0.00123958,41.1000
1972-02,0.02619613,0.00576667,0.00126667,41.3000
1972-03,0.01258898,-0.00334167,0.00126458,41.4000
1972-04,-0.00775888,0.00935833,0.00128958,41.5000
1972-05,0.00516094,0.00650833,0.00127708,41.6000
1972-06,-0.00503858,0.00509167,0.00127292,41.7000
1972-07,0.03783685,-0.00190833,0.00127292,41.9000
1972-08,-0.01210460,-0.01862500,0.00129375,42.0000
1972-09,0.00417428,0.01035833,0.00136458,42.1000
1972-10,0.05254207,0.01940000,0.00135000,42.3000
1972-11,0.02311517,-0.00036667,0.00130833,42.4000
1972-12,0.00989362,-0.00170000,0.00132500,42.5000
1973-01,-0.03325122,-0.00721667,0.00134583,42.6000
1973-02,-0.01345350,0.00063333,0.00138333,42.9000
1973-03,-0.01633304,0.00839167,0.00139792,43.3000
1973-04,-0.02569759,-0.00704167,0.00138958,43.6000
1973-05,-0.01989791,0.00220833,0.00142708,43.9000
1973-06,0.01210242,-0.01035000,0.00143750,44.2000
1973-07,-0.01635423,-0.01295833,0.00148542,44.3000
1973-08,0.01995290,0.02786667,0.00154167,45.1000
1973-09,0.04235322,0.02690833,0.00147708,45.2000
1973-10,-0.06852864,0.00985833,0.00141458,45.6000
1973-11,-0.06805283,0.00490833,0.00140208,45.9000
1973-12,0.01700429,-0.01188333,0.00140417,46.2000
1974-01,-0.02472861,0.00792500,0.00145625,46.6000
1974-02,0.04574639,-0.01170000,0.00145000,47.2000
1974-03,-0.04816639,-0.01499167,0.00150208,47.8000
1974-04,-0.02705675,0.00135833,0.00156458,48.0000
1974-05,0.00457232,0.00911667,0.00157917,48.6000
1974-06,-0.11346846,-0.01261667,0.00157083,49.0000
1974-07,-0.03764763,-0.00959167,0.00162708,49.4000
1974-08,-0.10013591,0.00670000,0.00167500,50.0000
1974-09,0.02376933,0.01650000,0.00167500,50.6000
1974-10,0.03743439,0.02198333,0.00164583,51.1000
1974-11,-0.06091828,0.02390000,0.00160000,51.5000
1974-12,0.08632772,0.00129167,0.00154792,51.9000
1975-01,0.10807531,0.01395000,0.00156250,52.1000
1975-02,0.04973644,-0.01764167,0.00153958,52.5000
1975-03,0.01487030,-0.02855833,0.00161042,52.7000
1975-04,0.06712635,0.01875833,0.00171458,52.9000
1975-05,0.02894624,0.02071667,0.00167917,53.2000
1975-06,0.00431999,-0.00745000,0.00163750,53.6000
1975-07,-0.06996252,-0.01708333,0.00167917,54.2000
1975-08,-0.00852682,0.00490000,0.00175000,54.3000
1975-09,0.04971261,0.02732500,0.00175625,54.6000
1975-10,0.02041700,0.01308333,0.00169583,54.9000
1975-11,-0.01179638,0.01020833,0.00167708,55.3000
1975-12,0.09545284,0.02486667,0.00166667,55.5000
1976-01,0.04178138,0.00295000,0.00161250,55.6000
1976-02,0.00802408,0.01069167,0.00162292,55.8000
1976-03,0.01095450,0.01834167,0.00161042,55.9000
1976-04,-0.00383274,-0.01750000,0.00157500,56.1000
1976-05,0.00900582,0.00938333,0.00164583,56.5000
1976-06,0.02665357,0.00865000,0.00163750,56.8000
1976-07,-0.00560621,0.01072500,0.00163125,57.1000
1976-08,0.02437883,0.01907500,0.00161875,57.4000
1976-09,-0.03108215,0.01892500,0.00158125,57.6000
1976-10,-0.00366645,0.01457500,0.00154375,57.9000
1976-11,0.03786506,0.03547500,0.00151875,58.0000
1976-12,-0.00537249,-0.01807500,0.00143125,58.2000
1977-01,-0.02368604,-0.00659167,0.00150208,58.5000
1977-02,-0.00054181,0.00125833,0.00153958,59.1000
1977-03,-0.01193671,0.01251667,0.00155417,59.5000
1977-04,0.00064502,-0.00015833,0.00153542,60.0000
1977-05,0.00899768,0.01881667,0.00155417,60.3000
1977-06,0.01282439,0.00256667,0.00151667,60.7000
1977-07,-0.02078620,0.00120833,0.00152708,61.0000
1977-08,-0.01175334,0.01036667,0.00154167,61.2000
1977-09,-0.02197859,-0.00648333,0.00152917,61.4000
1977-10,0.00981142,0.00206667,0.00156667,61.6000
1977-11,-0.00080140,-0.00138333,0.00157917,61.9000
1977-12,-0.03390357,-0.01249167,0.00160208,62.1000
1978-01,-0.00971992,0.00173333,0.00165833,62.5000
1978-02,0.00265666,0.00599167,0.00167292,62.9000
1978-03,0.04829993,-0.00100000,0.00167500,63.4000
1978-04,0.05504321,-0.00720833,0.00169792,63.9000
1978-05,0.00673556,-0.00074167,0.00173958,64.5000
1978-06,-0.00062291,-0.00555000,0.00176250,65.2000
1978-07,0.07328143,0.02330000,0.00180000,65.7000
1978-08,0.00399690,0.00630833,0.00175208,66.0000
1978-09,-0.02773500,-0.00838333,0.00175417,66.5000
1978-10,-0.05437652,-0.00470000,0.00180000,67.1000
1978-11,0.01922828,-0.00665833,0.00183542,67.4000
1978-12,0.04185309,0.00120833,0.00187708,67.7000
1979-01,-0.01056954,0.00758333,0.00189583,68.3000
1979-02,0.02341161,0.00618333,0.00189583,69.1000
1979-03,0.02430902,0.00340000,0.00190000,69.8000
1979-04,-0.01893024,0.00275000,0.00191250,70.6000
1979-05,0.02417638,0.03150833,0.00192708,71.5000
1979-06,0.01420846,0.00462500,0.00185625,72.3000
1979-07,0.05014335,0.00185833,0.00186458,73.1000
1979-08,0.01540451,-0.01347500,0.00188125,73.8000
1979-09,-0.03352517,-0.06012500,0.00194375,74.6000
1979-10,-0.00322435,-0.01591667,0.00214583,75.2000
1979-11,0.04403996,0.02707500,0.00221875,75.9000
1979-12,0.03312461,-0.02004167,0.00216458,76.7000
1980-01,0.04395852,-0.10370000,0.00225000,77.8000
1980-02,-0.08777826,-0.01345833,0.00258542,78.9000
1980-03,-0.01162050,0.10022500,0.00265625,80.1000
1980-04,0.05036138,0.09985833,0.00238958,81.0000
1980-05,0.06862684,0.03648333,0.00212083,81.8000
1980-06,0.04969459,-0.02475000,0.00203750,82.7000
1980-07,0.03504684,-0.05095833,0.00213542,82.7000
1980-08,0.02835808,-0.01945000,0.00231250,83.3000
1980-09,0.03324769,-0.00720833,0.00239792,84.0000
1980-10,0.04614695,-0.05530833,0.00244792,84.8000
1980-11,-0.01244780,-0.00063333,0.00264167,85.5000
1980-12,0.00009988,0.02960000,0.00267500,86.3000
1981-01,-0.03070175,-0.03292500,0.00261875,87.0000
1981-02,0.04143302,0.01589167,0.00274792,87.9000
1981-03,0.01293794,-0.02826667,0.00273333,88.5000
1981-04,-0.01617270,-0.01800000,0.00285000,89.1000
1981-05,0.00857589,0.05585000,0.00293750,89.8000
1981-06,-0.02016251,-0.04547500,0.00280625,90.6000
1981-07,0.00802565,-0.03430000,0.00297500,91.6000
1981-08,-0.08302683,-0.01415000,0.00311250,92.3000
1981-09,0.01727247,0.02466667,0.00319167,93.2000
1981-10,0.03043731,0.13582500,0.00315625,93.4000
1981-11,0.01179369,-0.01194167,0.00278958,93.7000
1981-12,-0.04804120,-0.04946667,0.00285833,94.0000
1982-01,-0.01913896,0.02335833,0.00303958,94.3000
1982-02,-0.02744541,0.05192500,0.00300625,94.6000
1982-03,0.05469314,0.01085000,0.00288750,94.5000
1982-04,0.00569647,0.02905833,0.00288958,94.9000
1982-05,-0.05270619,-0.03625000,0.00283750,95.8000
1982-06,0.00243847,0.03641667,0.00297917,97.0000
1982-07,0.00793977,0.07392500,0.00290625,97.5000
1982-08,0.12096374,0.06128333,0.00272083,97.7000
1982-09,0.08881400,0.11038333,0.00257083,97.9000
1982-10,0.04499916,0.03429167,0.00227292,98.2000
1982-11,0.01355499,0.00949167,0.00219792,98.0000
1982-12,0.03925753,0.01438333,0.00219583,97.6000
1983-01,0.02130014,-0.00948333,0.00217917,97.8000
1983-02,0.03865615,0.02363333,0.00223333,97.9000
1983-03,0.04197389,0.01645833,0.00218958,97.9000
1983-04,0.04424012,0.01006667,0.00216667,98.6000
1983-05,0.01753504,-0.02425000,0.00216250,99.2000
1983-06,0.00708133,-0.02805833,0.00226042,99.5000
1983-07,-0.02407186,-0.02341667,0.00237083,99.9000
1983-08,0.03313834,0.02387500,0.00246875,100.2000
1983-09,0.00647927,0.01740833,0.00242708,100.7000
1983-10,-0.01141423,-0.00088333,0.00240417,101.0000
1983-11,-0.00128128,-0.00005833,0.00243542,101.2000
1983-12,0.01575933,0.02105833,0.00246458,101.3000
1984-01,-0.05112179,-0.00217500,0.00243125,101.9000
1984-02,0.00442361,-0.02373333,0.00246667,102.4000
1984-03,0.00507200,-0.01143333,0.00256667,102.6000
1984-04,-0.00252573,-0.04407500,0.00263125,103.1000
1984-05,-0.01848304,0.00067500,0.00279375,103.4000
1984-06,-0.00908448,0.02530000,0.00282500,103.7000
1984-07,0.09206559,0.05593333,0.00278333,104.1000
1984-08,0.01406968,0.02460000,0.00265000,104.5000
1984-09,-0.00412402,0.03563333,0.00260833,105.0000
1984-10,0.01285902,0.05143333,0.00253333,105.3000
1984-11,-0.00707557,0.01454167,0.00241042,105.3000
1984-12,0.04697568,0.01798333,0.00239583,105.3000
1985-01,0.05787361,0.00038333,0.00237083,105.5000
1985-02,-0.00478318,-0.01490833,0.00239792,106.0000
1985-03,0.01024712,0.03998333,0.00247083,106.4000
1985-04,0.02735634,0.05012500,0.00238125,106.9000
1985-05,0.02510967,0.05734167,0.00226042,107.3000
1985-06,0.02247221,-0.00203333,0.00211667,107.6000
1985-07,-0.01845310,0.00719167,0.00214792,107.8000
1985-08,-0.01884994,0.00580833,0.00215208,108.0000
1985-09,0.01495564,0.01774167,0.00216042,108.3000
1985-10,0.06420516,0.04073333,0.00213333,108.7000
1985-11,0.05294515,0.04455000,0.00203750,109.0000
1985-12,0.00751729,0.01261667,0.00192917,109.3000
1986-01,0.05697246,0.04195833,0.00191458,109.6000
1986-02,0.06182771,0.07165000,0.00181250,109.3000
1986-03,0.02741426,0.04008333,0.00162083,108.8000
1986-04,0.00491830,-0.02261667,0.00152083,108.6000
1986-05,0.03133240,0.00012500,0.00160625,108.9000
1986-06,-0.01803914,0.04150000,0.00162500,109.5000
1986-07,0.02280854,0.01518333,0.00152083,109.5000
1986-08,-0.02456236,-0.01362500,0.00149375,109.7000
1986-09,-0.00089873,0.00760833,0.00155208,110.2000
1986-10,0.03532950,0.01879167,0.00154792,110.3000
1986-11,0.01708940,0.01584167,0.00151042,110.4000
1986-12,0.06673371,0.00802500,0.00148125,110.5000
1987-01,0.06461878,-0.00600000,0.00147500,111.2000
1987-02,0.04376409,0.00604167,0.00151042,111.6000
1987-03,-0.00856410,-0.04785833,0.00151042,112.1000
1987-04,0.00172831,-0.03461667,0.00167083,112.7000
1987-05,0.04498443,0.02187500,0.00179375,113.1000
1987-06,0.03122097,0.00350000,0.00175000,113.5000
1987-07,0.06454011,-0.01465833,0.00176042,113.8000
1987-08,-0.03030426,-0.03890000,0.00182500,114.4000
1987-09,-0.11853886,0.00085000,0.00196250,115.0000
1987-10,-0.12303414,0.05413333,0.00198333,115.3000
1987-11,-0.01334694,-0.00171667,0.00184583,115.4000
1987-12,0.04246542,0.02989167,0.00187292,115.4000
1988-01,0.03328565,0.03942500,0.00180625,115.7000
1988-02,0.03232059,-0.00435833,0.00171042,116.0000
1988-03,-0.00886024,-0.01752500,0.00174375,116.5000
1988-04,-0.02188267,-0.01863333,0.00181667,117.1000
1988-05,0.05998200,0.01947500,0.00189375,117.5000
1988-06,-0.00306920,-0.00236667,0.00185833,118.0000
1988-07,-0.01718485,-0.00645000,0.00188750,118.5000
1988-08,0.01927169,0.02731667,0.00192917,119.0000
1988-09,0.03801617,0.02008333,0.00187083,119.8000
1988-10,-0.02020248,-0.00386667,0.00183333,120.2000
1988-11,0.02325953,-0.00303333,0.00186667,120.3000
1988-12,0.03512658,0.00899167,0.00189792,120.5000
1989-01,0.03299852,0.00197500,0.00189375,121.1000
1989-02,-0.00161659,-0.00565833,0.00191042,121.6000
1989-03,0.03564799,0.02040000,0.00195000,122.3000
1989-04,0.04115302,0.03005000,0.00191250,123.1000
1989-05,0.03392622,0.04798333,0.00184583,123.8000
1989-06,0.02800175,0.02510000,0.00172500,124.1000
1989-07,0.04690753,0.00038333,0.00167083,124.4000
1989-08,0.00455537,0.00115833,0.00168958,124.6000
1989-09,0.00286256,0.01942500,0.00170625,125.0000
1989-10,-0.01813551,0.01647500,0.00166875,125.6000
1989-11,0.02736706,0.00865833,0.00163958,125.9000
1989-12,-0.02211226,-0.01936667,0.00163333,126.1000
1990-01,-0.02527184,-0.01135833,0.00171042,127.4000
1990-02,0.02707167,-0.00134167,0.00176458,128.0000
1990-03,0.00195986,-0.00684167,0.00178958,128.7000
1990-04,0.03850925,0.00942500,0.00183125,128.9000
1990-05,0.03169957,0.02690000,0.00182500,129.2000
1990-06,0.00169724,0.00776667,0.00176667,129.9000
1990-07,-0.07861227,-0.01254167,0.00176458,130.4000
1990-08,-0.04341061,-0.00250833,0.00182292,131.6000
1990-09,-0.02315769,0.01930833,0.00185208,132.7000
1990-10,0.02983815,0.03036667,0.00181667,133.5000
1990-11,0.04586605,0.02869167,0.00174792,133.8000
1990-12,-0.00685171,0.00603333,0.00168333,133.8000
1991-01,0.11606775,0.02354167,0.00168542,134.6000
1991-02,0.03044620,-0.01165833,0.00163542,134.8000
1991-03,0.02258828,0.01165833,0.00168958,135.0000
1991-04,-0.00178879,0.00460000,0.00167500,135.2000
1991-05,0.00347011,-0.00797500,0.00168125,135.6000
1991-06,0.00780486,0.00760000,0.00172500,136.0000
1991-07,0.02678933,0.03279167,0.00172292,136.2000
1991-08,-0.00303101,0.02408333,0.00164583,136.6000
1991-09,0.00181646,0.01477500,0.00159375,137.2000
1991-10,0.00015795,0.01397500,0.00156875,137.4000
1991-11,0.00935140,0.02928333,0.00154583,137.8000
1991-12,0.07358026,0.01010833,0.00147708,137.9000
1992-01,-0.00600846,-0.01584167,0.00146458,138.1000
1992-02,-0.01012378,-0.00788333,0.00152917,138.6000
1992-03,0.00264303,0.01048333,0.00157083,139.3000
1992-04,0.02068350,0.01253333,0.00155833,139.5000
1992-05,-0.01329123,0.01525833,0.00153958,139.7000
1992-06,0.01912133,0.03545000,0.00151250,140.2000
1992-07,0.00941720,0.02320000,0.00142500,140.5000
1992-08,0.00378187,0.01739167,0.00137292,140.9000
1992-09,-0.01182056,-0.00655000,0.00133750,141.3000
1992-10,0.02756903,-0.01410833,0.00137292,141.8000
1992-11,0.03271200,0.01272500,0.00143125,142.0000
1992-12,0.00142893,0.01754167,0.00141042,141.9000
1993-01,0.01724247,0.02930000,0.00137500,142.6000
1993-02,0.02150153,0.02481667,0.00130417,143.1000
1993-03,-0.01341745,0.00568333,0.00124583,143.6000
1993-04,0.00724724,0.00007500,0.00124375,144.0000
1993-05,0.00865182,0.01063333,0.00125833,144.2000
1993-06,0.00061004,0.01546667,0.00124167,144.4000
1993-07,0.01762466,0.01394167,0.00121042,144.4000
1993-08,0.01354972,0.02713333,0.00118333,144.8000
1993-09,0.01241907,0.00656667,0.00111667,145.1000
1993-10,0.00007545,-0.02285833,0.00111042,145.7000
1993-11,0.00887180,0.00126667,0.00119167,145.8000
1993-12,0.01735880,0.00620833,0.00120208,145.8000
1994-01,-0.00075701,-0.01060833,0.00119792,146.2000
1994-02,-0.01423818,-0.03072500,0.00124375,146.7000
1994-03,-0.03346377,-0.02890000,0.00135000,147.2000
1994-04,0.01058242,-0.00889167,0.00145208,147.4000
1994-05,0.01108093,0.01158333,0.00149583,147.5000
1994-06,-0.00518875,-0.00808333,0.00147917,148.0000
1994-07,0.03082078,0.01028333,0.00152083,148.4000
1994-08,0.00817465,-0.00936667,0.00150833,149.0000
1994-09,-0.00444007,-0.01338333,0.00155417,149.4000
1994-10,-0.00369884,-0.00895000,0.00161250,149.5000
1994-11,-0.01025706,0.01713333,0.00165833,149.7000
1994-12,0.02451174,0.00860833,0.00162708,149.7000
1995-01,0.03819094,0.02818333,0.00162083,150.3000
1995-02,0.02558170,0.02512500,0.00155625,150.9000
1995-03,0.03215553,0.01580000,0.00150000,151.4000
1995-04,0.03347760,0.03598333,0.00147083,151.9000
1995-05,0.03178422,0.03772500,0.00138125,152.2000
1995-06,0.03547480,-0.00255833,0.00128542,152.5000
1995-07,0.00513124,-0.00946667,0.00130833,152.5000
1995-08,0.03717664,0.02570833,0.00135208,152.9000
1995-09,0.00912567,0.01636667,0.00129167,153.2000
1995-10,0.02358385,0.01273333,0.00125833,153.7000
1995-11,0.03389138,0.02034167,0.00123542,153.6000
1995-12,0.00162580,0.00895833,0.00118958,153.5000
1996-01,0.05904394,-0.00649167,0.00117708,154.4000
1996-02,-0.00200697,-0.02735833,0.00121042,154.9000
1996-03,0.00197042,-0.01157500,0.00130625,155.7000
1996-04,0.02354826,-0.01067500,0.00135625,156.3000
1996-05,0.01278593,-0.00628333,0.00140417,156.6000
1996-06,-0.03476564,0.00855833,0.00143958,156.7000
1996-07,0.03075753,0.02182500,0.00143125,157.0000
1996-08,0.02023727,-0.00776667,0.00138333,157.3000
1996-09,0.04119498,0.02669167,0.00142292,157.8000
1996-10,0.05052082,0.02854167,0.00136042,158.3000
1996-11,0.01198227,-0.00183333,0.00129167,158.6000
1996-12,0.03257540,-0.01435000,0.00131250,158.6000
1997-01,0.04361164,0.01668333,0.00137083,159.1000
1997-02,-0.00623685,-0.01355000,0.00133750,159.6000
1997-03,-0.03405246,-0.00842500,0.00139375,160.0000
1997-04,0.09217831,0.01834167,0.00143542,160.2000
1997-05,0.05336825,0.02099167,0.00139792,160.1000
1997-06,0.05735925,0.02430833,0.00135208,160.3000
1997-07,0.00347789,-0.00041667,0.00129583,160.5000
1997-08,0.01192008,0.01155000,0.00131250,160.8000
1997-09,0.01645376,0.01777500,0.00129375,161.2000
1997-10,-0.01152043,0.01552500,0.00125625,161.6000
1997-11,0.02634617,0.00980000,0.00122500,161.5000
1997-12,0.00237088,0.02374167,0.00121042,161.3000
1998-01,0.06402158,0.00251667,0.00115417,161.6000
1998-02,0.05312872,-0.00095833,0.00116042,161.9000
1998-03,0.03405675,0.00540833,0.00117708,162.2000
1998-04,-0.00221858,0.00400000,0.00117500,162.5000
1998-05,0.00116457,0.01520833,0.00117708,162.8000
1998-06,0.04467666,0.00738333,0.00114583,163.0000
1998-07,-0.06971007,0.01295000,0.00113750,163.2000
1998-08,-0.04898450,0.04155000,0.00111250,163.4000
1998-09,0.01290857,0.02360833,0.00100208,163.6000
1998-10,0.10974384,-0.01722500,0.00094375,164.0000
1998-11,0.04104105,0.01662500,0.00100625,164.0000
1998-12,0.05047687,-0.00102500,0.00096875,163.9000
1999-01,-0.00066710,-0.01566667,0.00098333,164.3000
1999-02,0.02923510,-0.01193333,0.00104167,164.5000
1999-03,0.04250022,0.00785833,0.00108958,165.0000
1999-04,-0.00098832,-0.02088333,0.00107917,166.2000
1999-05,-0.00611767,-0.02058333,0.00115417,166.2000
1999-06,0.04522387,0.01261667,0.00122917,166.2000
1999-07,-0.03774386,-0.00567500,0.00120625,166.7000
1999-08,-0.00598017,0.00635000,0.00123750,167.1000
1999-09,-0.01272471,-0.00836667,0.00123333,167.9000
1999-10,0.07105950,0.01069167,0.00127292,168.2000
1999-11,0.02808731,-0.01247500,0.00125625,168.3000
1999-12,-0.00118933,-0.02136667,0.00130833,168.3000
2000-01,-0.02478077,0.01535000,0.00138750,168.8000
2000-02,0.03940954,0.02363333,0.00135833,169.8000
2000-03,0.01424665,0.02411667,0.00130417,171.2000
2000-04,-0.02838794,-0.02650833,0.00124792,171.3000
2000-05,0.03163480,0.02916667,0.00134167,171.5000
2000-06,0.00850342,0.00858333,0.00127083,172.4000
2000-07,0.00939711,0.02044167,0.00126042,172.8000
2000-08,-0.01079651,0.00695833,0.00121458,172.8000
2000-09,-0.05214230,0.00903333,0.00120833,173.7000
2000-10,-0.00772564,0.00618333,0.00119583,174.0000
2000-11,-0.03320074,0.03836667,0.00119167,174.1000
2000-12,0.00455008,0.00996667,0.00109167,174.0000
2001-01,-0.02136258,0.00850000,0.00107500,175.1000
2001-02,-0.09079903,0.01895000,0.00106250,175.8000
2001-03,0.00448694,-0.01342500,0.00101875,176.2000
2001-04,0.06879333,-0.01321667,0.00107083,176.9000
2001-05,-0.02388652,0.01219167,0.00112292,177.7000
2001-06,-0.02660227,0.00720000,0.00110000,178.0000
2001-07,-0.02045839,0.02326667,0.00109167,177.5000
2001-08,-0.11247325,0.02094167,0.00103542,177.5000
2001-09,0.03184032,0.01514167,0.00098542,178.3000
2001-10,0.05053146,-0.00179167,0.00095208,177.7000
2001-11,0.01466049,-0.02692500,0.00096875,177.4000
2001-12,-0.00297689,0.00774167,0.00106042,176.7000
2002-01,-0.03352769,0.01330000,0.00105000,177.1000
2002-02,0.04945271,-0.02180833,0.00102292,177.8000
2002-03,-0.03514432,0.00930000,0.00110000,178.8000
2002-04,-0.02820371,0.00784167,0.00108542,179.8000
2002-05,-0.05920958,0.02040000,0.00107500,179.8000
2002-06,-0.10758499,0.02370833,0.00102708,179.9000
2002-07,0.01138791,0.03117500,0.00096875,180.1000
2002-08,-0.04757730,0.03085000,0.00088750,180.7000
2002-09,-0.01367043,-0.00167500,0.00080625,181.0000
2002-10,0.06625577,-0.00441667,0.00082083,181.3000
2002-11,-0.01035061,0.00477500,0.00084375,181.3000
2002-12,-0.00222518,0.00195833,0.00083958,180.9000
2003-01,-0.06414836,0.01387500,0.00084375,181.7000
2003-02,0.01307898,0.00955000,0.00081250,183.1000
2003-03,0.05285859,-0.00732500,0.00079375,184.2000
2003-04,0.05312212,0.03060000,0.00082500,183.8000
2003-05,0.05704185,0.01977500,0.00074375,183.5000
2003-06,0.00595901,-0.04272500,0.00069375,183.7000
2003-07,-0.00166324,-0.02958333,0.00082917,183.9000
2003-08,0.03161181,0.01630833,0.00092708,184.6000
2003-09,0.02027829,0.00215833,0.00088958,185.2000
2003-10,0.01210586,0.00287500,0.00089375,185.0000
2003-11,0.03063810,0.00568333,0.00089583,184.5000
2003-12,0.04934961,0.01195833,0.00088958,184.3000
2004-01,0.01086662,0.00835833,0.00086458,185.2000
2004-02,-0.01565197,0.02090000,0.00085000,186.2000
2004-03,0.00968137,-0.03320833,0.00079792,187.4000
2004-04,-0.02564253,-0.02227500,0.00090625,188.0000
2004-05,0.02857677,0.00323333,0.00098333,189.1000
2004-06,-0.02238780,0.02004167,0.00098542,189.7000
2004-07,-0.01387570,0.01915000,0.00093750,189.4000
2004-08,0.02782624,0.01406667,0.00089167,189.5000
2004-09,0.00102595,0.00554167,0.00086042,189.9000
2004-10,0.04773896,-0.00288333,0.00085417,190.9000
2004-11,0.02727447,0.00069167,0.00087292,191.0000
2004-12,-0.01349222,0.00422500,0.00088125,190.3000
2005-01,0.01681207,0.00701667,0.00087917,190.7000
2005-02,-0.00255588,-0.01962500,0.00086875,191.8000
2005-03,-0.02408918,0.01495000,0.00093750,193.3000
2005-04,0.01335871,0.01761667,0.00090417,194.6000
2005-05,0.02180697,0.01325000,0.00086250,194.4000
2005-06,0.01807791,-0.00926667,0.00083333,194.5000
2005-07,0.00310018,-0.00211667,0.00087083,195.4000
2005-08,0.00279690,0.00775000,0.00088750,196.4000
2005-09,-0.02624220,-0.01470000,0.00087500,198.8000
2005-10,0.03961542,-0.00188333,0.00092917,199.2000
2005-11,0.02144131,0.00868333,0.00094583,197.6000
2005-12,0.01466770,0.00722500,0.00093125,196.8000
2006-01,-0.00016640,-0.00681667,0.00092083,198.3000
2006-02,0.01486138,-0.00669167,0.00095208,198.7000
2006-03,0.00798331,-0.01496667,0.00098333,199.8000
2006-04,-0.00786636,-0.00424167,0.00103958,201.5000
2006-05,-0.02705793,0.00425833,0.00106458,202.5000
2006-06,0.00720041,0.00565833,0.00106458,202.9000
2006-07,0.02291759,0.01894167,0.00106042,203.5000
2006-08,0.02531174,0.01526667,0.00101667,203.9000
2006-09,0.03615913,0.00323333,0.00098333,202.9000
2006-10,0.02001643,0.01304167,0.00098542,201.8000
2006-11,0.02148265,0.00663333,0.00095833,201.5000
2006-12,0.00692827,-0.01020000,0.00095000,201.8000
2007-01,0.01596048,0.00676667,0.00099167,202.4160
2007-02,-0.02473891,0.01513333,0.00098333,203.4990
2007-03,0.04180260,-0.00530000,0.00095000,205.3520
2007-04,0.03391753,-0.00029167,0.00097708,206.6860
2007-05,0.00344901,-0.02054167,0.00098958,207.9490
2007-06,0.00574620,0.01125000,0.00106250,208.3520
2007-07,-0.04201108,0.02726667,0.00104167,208.2990
2007-08,0.03074743,0.01439167,0.00097292,207.9170
2007-09,0.02991633,0.00306667,0.00094167,208.4900
2007-10,-0.04806310,0.03037500,0.00094375,208.9360
2007-11,0.01238221,0.00695833,0.00086458,210.1770
2007-12,-0.06635197,0.02861667,0.00085417,210.0360
2008-01,-0.01563966,0.00311667,0.00077917,211.0800
2008-02,-0.02626636,0.01921667,0.00077917,211.6930
2008-03,0.04243803,-0.00897500,0.00073125,213.5280
2008-04,0.02562604,-0.01093333,0.00076667,214.8230
2008-05,-0.04246582,-0.01216667,0.00080833,216.6320
2008-06,-0.06078472,0.00971667,0.00085417,218.8150
2008-07,0.02110535,0.01174167,0.00083542,219.9640
2008-08,-0.04847536,0.01724167,0.00081042,219.0860
2008-09,-0.20193585,-0.00532500,0.00076875,218.7830
2008-10,-0.08605348,0.02277500,0.00079375,216.5730
2008-11,-0.00351217,0.08064167,0.00073542,212.4250
2008-12,-0.01095557,-0.00498333,0.00050417,210.2280
2009-01,-0.06702506,-0.02240000,0.00052500,211.1430
2009-02,-0.05687436,0.00589167,0.00059792,212.1930
2009-03,0.12321750,-0.00535000,0.00058750,212.7090
2009-04,0.06659822,-0.02275833,0.00061042,213.2400
2009-05,0.02868861,-0.02735833,0.00068542,213.8560
2009-06,0.01277642,0.01430000,0.00077500,215.6930
2009-07,0.08120745,0.00086667,0.00074167,215.3510
2009-08,0.03650343,0.01629167,0.00074792,215.8340
2009-09,0.02403108,0.00353333,0.00070833,215.9690
2009-10,0.02094326,0.00212500,0.00070625,216.1770
2009-11,0.02225858,-0.01046667,0.00070833,216.3300
2009-12,0.01356968,-0.00680833,0.00074792,215.9490
2010-01,-0.02898473,0.00590833,0.00077708,216.6870
2010-02,0.05943036,0.00027500,0.00076875,216.7410
2010-03,0.04087930,-0.00529167,0.00077708,217.6310
2010-04,-0.05882397,0.03330833,0.00080208,218.0090
2010-05,-0.03543564,0.01825000,0.00071250,218.1780
2010-06,-0.00159073,0.01596667,0.00066667,217.9650
2010-07,0.00863612,0.02420833,0.00062708,218.0110
2010-08,0.03371155,0.00575000,0.00056250,218.3120
2010-09,0.04577437,0.00990833,0.00055208,218.4390
2010-10,0.02490914,-0.01328333,0.00052917,218.7110
2010-11,0.03713736,-0.03480000,0.00057500,218.8030
2010-12,0.03462193,-0.00425833,0.00068542,219.1790
2011-01,0.03150864,-0.01047500,0.00070625,220.2230
2011-02,-0.01112461,0.01488333,0.00074583,221.3090
2011-03,0.02220983,-0.00065833,0.00071042,223.4670
2011-04,0.00659235,0.02318333,0.00072083,224.9060
2011-05,-0.03662600,0.01454167,0.00066042,225.9640
2011-06,0.03101736,0.00250000,0.00062500,225.7220
2011-07,-0.10400647,0.05150000,0.00062500,225.9220
2011-08,-0.00789245,0.02431667,0.00047917,226.5450
2011-09,0.03018906,-0.01025000,0.00041250,226.8890
2011-10,0.01767122,0.01159167,0.00044792,226.4210
2011-11,0.01554751,0.00377500,0.00041875,226.2300
2011-12,0.04782558,0.00235000,0.00041250,225.6720
2012-01,0.04162609,0.00164167,0.00041042,226.6650
2012-02,0.02883837,-0.01235833,0.00041042,227.6630
2012-03,-0.00038210,0.01020833,0.00045208,229.3920
2012-04,-0.03090952,0.01920833,0.00042708,230.0850
2012-05,-0.01152411,0.01410000,0.00037500,229.8150
2012-06,0.02921087,0.00765000,0.00033750,229.4780
2012-07,0.03387701,-0.00922500,0.00031875,229.1040
2012-08,0.03021166,-0.00140000,0.00035000,230.3790
2012-09,-0.00217135,-0.00066667,0.00035833,231.4070
2012-10,-0.02837494,0.00845833,0.00036458,231.3170
2012-11,0.02175535,-0.00352500,0.00034375,230.2210
2012-12,0.04268761,-0.01186667,0.00035833,229.6010
2013-01,0.02333022,-0.00330833,0.00039792,230.2800
2013-02,0.02722454,0.00305000,0.00041250,232.1660
2013-03,0.01453791,0.01563333,0.00040833,232.7730
2013-04,0.04574270,-0.01043333,0.00036667,232.5310
2013-05,-0.01117775,-0.02429167,0.00040208,232.9450
2013-06,0.03254477,-0.01768333,0.00047917,233.5040
2013-07,0.00252528,-0.00905000,0.00053750,233.5960
2013-08,0.01192467,-0.00261667,0.00057083,233.8770
2013-09,0.02117550,0.01564167,0.00058542,234.1490
2013-10,0.03859994,-0.00481667,0.00054583,233.5460
2013-11,0.01521662,-0.01033333,0.00056667,233.0690
2013-12,0.00967808,0.00521667,0.00060417,233.0490
2014-01,-0.00130036,0.01288333,0.00059583,233.9160
2014-02,0.02722269,0.00155833,0.00056458,234.7810
2014-03,0.00201724,0.00296667,0.00056667,236.2930
2014-04,0.01532035,0.01275833,0.00056458,237.0720
2014-05,0.03196318,-0.00066667,0.00053333,237.9000
2014-06,0.01495822,0.00636667,0.00054167,238.3430
2014-07,-0.00426951,0.01051667,0.00052917,238.2500
2014-08,0.01778034,-0.00568333,0.00050417,237.8520
2014-09,-0.02646584,0.01820833,0.00052708,238.0310
2014-10,0.05705652,-0.00018333,0.00047917,237.4330
2014-11,0.00633888,0.01034167,0.00048542,236.1510
2014-12,-0.01110046,0.02494167,0.00046042,234.8120
2015-01,0.02827398,-0.00543333,0.00039167,233.7070
2015-02,0.00055363,-0.00255000,0.00041250,234.7220
2015-03,0.00878410,0.00870000,0.00042500,236.1190
2015-04,0.00978904,-0.01658333,0.00040417,236.5990
2015-05,-0.00435500,-0.00936667,0.00045833,237.8050
2015-06,-0.00079630,0.00476667,0.00049167,238.6380
2015-07,-0.02424397,0.01243333,0.00048333,238.6540
2015-08,-0.04507095,0.00180833,0.00045208,238.3160
2015-09,0.04317119,0.00880833,0.00045208,237.9450
2015-10,0.02932470,-0.01157500,0.00043125,237.8380
2015-11,-0.01102970,0.00328333,0.00047083,237.3360
2015-12,-0.06419622,0.01236667,0.00046667,236.5250
2016-01,-0.00549909,0.02344167,0.00043542,236.9160
2016-02,0.06362728,-0.00621667,0.00037083,237.1110
2016-03,0.02831260,0.00717500,0.00039375,238.1320
2016-04,-0.00304365,0.00150833,0.00037708,239.2610
2016-05,0.01066490,0.01340833,0.00037708,240.2290
2016-06,0.03297439,0.01116667,0.00034167,241.0180
2016-07,0.01199257,-0.00295000,0.00031250,240.6280
2016-08,-0.00438671,-0.00360000,0.00032500,240.8490
2016-09,-0.00505981,-0.00774167,0.00033958,241.4280
2016-10,0.01201161,-0.02513333,0.00036667,241.7290
2016-11,0.03945964,-0.02271667,0.00044583,241.3530
2016-12,0.01437635,0.00627500,0.00051875,241.4320
2017-01,0.02576445,0.00272500,0.00050625,242.8390
2017-02,0.01749257,-0.00218333,0.00050417,243.6030
2017-03,-0.00154004,0.01466667,0.00051667,243.8010
2017-04,0.01692373,0.00191667,0.00047917,244.5240
2017-05,0.01776428,0.00961667,0.00047917,244.7330
2017-06,0.00987884,-0.00727500,0.00045625,244.9550
2017-07,0.00247805,0.00963333,0.00048333,244.7860
2017-08,0.01653263,0.00254167,0.00046042,245.5190
2017-09,0.02734799,-0.00936667,0.00045833,246.8190
2017-10,0.01589569,0.00266667,0.00049167,246.6630
2017-11,0.02883486,-0.00154167,0.00048958,246.6690
2017-12,0.04861898,-0.01060000,0.00050000,246.5240
2018-01,-0.02886686,-0.01745000,0.00053750,247.8670
2018-02,0.00064578,0.00378333,0.00059583,248.9910
2018-03,-0.01663972,0.00026667,0.00059167,249.5540
2018-04,0.01961621,-0.00502833,0.00059792,250.5460
2018-05,0.02112970,0.00710000,0.00062000,251.5880
2018-06,0.01580742,0.00382500,0.00060625,251.9890
2018-07,0.02450805,0.00240833,0.00060208,252.0060
2018-08,0.01679748,-0.00529167,0.00060208,252.1460
2018-09,-0.03848986,-0.00800000,0.00062500,252.4390
2018-10,-0.02076108,0.00472500,0.00065625,252.8850
2018-11,-0.05562512,0.02290000,0.00065000,252.0380
2018-12,0.01735636,0.01075833,0.00058958,251.2330
2019-01,0.05828903,0.00435833,0.00056458,251.7120
2019-02,0.01948022,0.00993333,0.00055833,252.7760
2019-03,0.03723220,0.00494167,0.00053542,254.2020
2019-04,-0.01531789,0.01120833,0.00052708,255.5480
2019-05,0.01404749,0.02580000,0.00050000,256.0920
2019-06,0.03827344,0.03181667,0.00042917,256.1430
2019-07,-0.03134414,0.00135833,0.00033958,256.5710
2019-08,0.03085227,-0.00354167,0.00033958,256.5580
2019-09,0.00009803,0.00071667,0.00035417,256.7590
2019-10,0.04433692,-0.00557500,0.00035625,257.3460
2019-11,0.02469320,-0.00199167,0.00037708,257.2080
2019-12,0.03346398,0.00855000,0.00038750,256.9740
2020-01,0.00122077,0.01966667,0.00036667,257.9710
2020-02,-0.18917709,0.04535000,0.00031250,258.6780
2020-03,0.04318614,0.01542500,0.00018125,258.1150
2020-04,0.05887365,-0.00015000,0.00013750,256.3890
2020-05,0.06508272,-0.00364167,0.00013958,256.3940
2020-06,0.03476435,0.00830833,0.00015208,257.7970
2020-07,0.05893505,-0.00158333,0.00012917,259.1010
2020-08,-0.00627003,-0.00155833,0.00013542,259.9180
2020-09,0.01726001,-0.00713333,0.00014167,260.2800
2020-10,0.03954117,-0.00494167,0.00016458,260.3880
2020-11,0.04260080,-0.00347500,0.00018125,260.2290
2020-12,0.02795300,-0.00972500,0.00019375,260.4740
2021-01,0.02491529,-0.01170000,0.00022500,261.5820
2021-02,0.00821358,-0.02345000,0.00026250,263.0140
2021-03,0.06021486,-0.00075833,0.00033542,264.8770
2021-04,0.00760232,0.00276667,0.00034167,267.0540
2021-05,0.01810423,0.00835000,0.00033750,269.1950
2021-06,0.03068201,0.01526667,0.00031667,271.6960
2021-07,0.02185162,0.00390000,0.00027500,273.0030
2021-08,-0.00084499,-0.00523333,0.00026667,273.5670
2021-09,0.00452176,-0.01355833,0.00028542,274.3100
2021-10,0.04744744,0.00271667,0.00032917,276.5890
2021-11,0.00265404,0.00760000,0.00032500,277.9480
2021-12,-0.02051953,-0.01907500,0.00030625,278.8020
2022-01,-0.02902570,-0.01043333,0.00036667,281.1480
2022-02,-0.00892584,-0.01239167,0.00040208,283.7160
2022-03,0.00118302,-0.04162500,0.00044375,287.5040
2022-04,-0.07872730,-0.00820833,0.00057292,289.1090
2022-05,-0.03369385,-0.01438333,0.00060417,292.2960
2022-06,0.00464685,0.01941667,0.00065417,296.3110
2022-07,0.06447394,0.00241667,0.00060417,296.2760
2022-08,-0.07277404,-0.04098333,0.00060417,296.1710
2022-09,-0.03091175,-0.02926667,0.00073333,296.8080
2022-10,0.05285094,0.00961667,0.00082917,298.0120
2022-11,0.00010837,0.02214167,0.00081042,297.7110
2022-12,0.01376456,0.00931667,0.00075417,296.7970
2023-01,0.03146972,-0.01245833,0.00073542,299.1700
2023-02,-0.02585427,0.00942500,0.00078125,300.8400
2023-03,0.03996221,0.01705000,0.00076250,301.6750
2023-04,0.00737695,-0.00481667,0.00072083,303.3630
2023-05,0.04942187,-0.00962500,0.00074375,304.1270
2023-06,0.03876042,-0.00737500,0.00078125,305.1090
2023-07,0.03273326,-0.01565000,0.00081250,305.6910
2023-08,-0.01625199,-0.01122500,0.00086875,307.0260
2023-09,-0.04739329,-0.02575000,0.00091250,307.7890
2023-10,-0.02170862,0.02500000,0.00100000,307.6710
2023-11,0.09134385,0.03735000,0.00093750,307.0510
2023-12,0.04566249,0.00055000,0.00083750,306.7460
2024-01,0.01592645,-0.00711667,0.00084583,308.4170
2024-02,0.05218688,0.00350833,0.00087708,310.3260
2024-03,0.03272390,-0.01959167,0.00087708,312.3320
2024-04,-0.04031965,0.00798333,0.00094583,313.5480
2024-05,0.05057971,0.01563333,0.00093333,314.0690
2024-06,0.03528469,0.00779167,0.00089792,314.1750
2024-07,0.01210907,0.03014167,0.00088542,314.5400
2024-08,0.02336559,0.01372500,0.00080625,314.7960
2024-09,0.02100918,-0.02350000,0.00077500,315.3010
2024-10,-0.00892359,-0.01478333,0.00085417,315.6640
2024-11,0.05963351,0.00153333,0.00090833,315.4930
2024-12,-0.02409976,-0.01314167,0.00091458,315.6050
2025-01,0.02685640,0.01645833,0.00096458,317.6710
2025-02,-0.01269483,0.01560833,0.00092708,319.0820
2025-03,-0.05572094,0.00356667,0.00089167,319.7990
2025-04,-0.00867016,-0.00623333,0.00089167,320.7950
2025-05,0.06284488,0.00648333,0.00092083,321.4650
2025-06,0.05139375,0.00295000,0.00091250,322.5610
2025-07,0.02303148,0.01275833,0.00091458,323.0480
2025-08,0.02051955,0.01335000,0.00088750,323.9760
2025-09,0.03560647,0.00763333,0.00085833,324.8000
2025-10,0.02383740,0.00128333,0.00084583,324.4608
2025-11,0.00194998,-0.00009167,0.00085208,324.1220
2025-12,0.00077154,-0.00145000,0.00086250,324.0540
2026-01,0.01473780,0.00910833,0.00087708,325.2520
2026-02,-0.00864199,-0.00495833,0.00086042,326.7850
2026-03,-0.04934197,-0.00135833,0.00088542,330.2130
2026-04,0.10505274,-0.00760000,0.00090000,333.0200
2026-05,0.05262572,0.00443333,0.00093333,335.1230
